Date,Open,High,Low,Close,Total Trade Quantity,Turnover (Lacs)
2020-06-29,72950,73570,70801,72450,14434877,0
2020-06-28,78300,78300,71584,72580,14659446,0
2020-06-27,74440,75791,72999,75791,10477999,0
2020-06-24,71200,74550,70845,72996,13135152,0
2020-06-23,75253,76800,72477,72483,25382050,0
2020-06-22,76800,78450,73322,75074,15655243,0
2020-06-21,76900,76950,74100,75999,47287112,0
2020-06-20,73321,73321,72010,73321,40895269,0
2020-06-16,69700,70670,68000,70275,11813806,0
2020-06-15,69270,71750,67120,68045,10311124,0
2020-06-14,72201,72201,68591,69270,12426404,0
2020-06-13,73990,73990,71112,71499,19921664,0
2020-06-10,69800,71328,68068,71328,36319961,0
2020-06-09,69000,71905,67145,67160,10448796,0
2020-06-08,71900,71999,70159,70159,9578972,0
2020-06-07,74900,75890,71120,71999,17236910,0
2020-06-06,72500,72729,70450,72729,29016201,0
2020-06-02,67997,70100,67112,68900,6238591,0
2020-06-01,66665,68596,64883,66700,6330146,0
2020-05-31,71900,71900,65169,66600,6811633,0
2020-05-30,68656,68657,67246,68657,2819792,0
2020-05-27,60950,67020,60950,66809,5809231,0
2020-05-26,65000,66580,63205,63205,5682497,0
2020-05-23,66200,69000,64656,65720,7892028,0
2020-05-20,67900,71580,66301,66380,10414139,0
2020-05-19,73427,73427,69066,69111,12573176,0
2020-05-18,73332,73332,70500,72000,13451571,0
2020-05-17,65071,70272,65071,70200,20897576,0
2020-05-16,68412,71800,65002,66410,8698616,0
2020-05-13,71707,71707,68293,71707,16790732,0
2020-05-12,69400,71241,67679,67679,5133797,0
2020-05-11,73701,75586,69121,69139,17653868,0
2020-05-10,78500,78500,72164,73540,44463972,0
2020-05-09,75000,76309,75000,75750,17627880,0
2020-05-06,72242,74861,72242,72242,16771071,0
2020-05-05,78500,79490,74861,74861,9941823,0
2020-05-04,78206,80900,78206,78206,19323610,0
2020-05-03,82419,82419,79998,80232,41663611,0
2020-05-02,78495,78495,78495,78495,28013552,0
2020-04-29,74810,74818,72500,74818,32487109,0
2020-04-28,68490,71623,68146,71623,32296484,0
2020-04-27,69500,70980,67001,67515,15359420,0
2020-04-26,73380,73380,68870,68907,22992583,0
2020-04-25,73009,73009,71300,72200,20590880,0
2020-04-22,70201,73334,68401,71337,23800283,0
2020-04-21,71000,73471,69973,70889,20616948,0
2020-04-20,69973,69973,69972,69973,13446081,0
2020-04-19,66000,67823,62713,67823,37270973,0
2020-04-18,64500,66600,63400,64900,22757375,0
2020-04-15,64000,65400,62393,62497,13213124,0
2020-04-14,59002,64599,59002,62499,11572823,0
2020-04-13,63900,63900,61483,61483,10932528,0
2020-04-12,62888,65536,62800,62899,23370605,0
2020-04-11,63998,63999,60841,60842,14592799,0
2020-04-08,65320,66950,62200,63750,24347107,0
2020-04-07,65321,65321,63500,65320,33577813,0
2020-04-06,62227,62227,60415,62227,68550673,0
2020-04-05,59264,59264,59264,59264,54202196,0
2020-04-04,56442,56442,56442,56442,11117912,0
2020-03-30,53400,56121,52991,56121,35885495,0
2020-03-29,54300,55855,52124,52990,10296210,0
2020-03-28,51688,53989,51383,53500,3410783,0
2020-03-25,50034,52499,50034,51500,1428215,0
2020-03-24,52000,52745,49937,51149,952719,0
2020-03-18,52800,53150,51500,51630,658113,0
2020-03-17,49193,51844,48907,51844,1930209,0
2020-03-16,51400,51400,48495,49100,2281926,0
2020-03-15,49069,49069,49069,49069,258394,0
2020-03-14,50567,53439,50267,50267,686290,0
2020-03-11,54000,54000,52253,52253,2176440,0
2020-03-10,56485,56485,52905,52905,4065770,0
2020-03-09,55600,55763,54100,55763,10978863,0
2020-03-07,52970,53202,50750,53202,3255083,0
2020-03-04,52500,52500,50000,51780,3769433,0
2020-03-03,51999,52125,50813,51000,1052542,0
2020-03-02,53000,53500,50648,51404,2825555,0
2020-03-01,52799,54499,51937,53000,536731,0
2020-02-29,50250,52740,50250,51902,173412,0
2020-02-26,53333,53333,51565,52235,283781,0
2020-02-25,51856,53295,51004,52500,327023,0
2020-02-24,54250,54250,50347,51597,461746,0
2020-02-23,52575,53500,51370,52958,262841,0
2020-02-22,50146,53400,50137,52638,304294,0
2020-02-19,52500,53893,51751,52000,311109,0
2020-02-18,51112,53899,51112,51750,224056,0
2020-02-17,55301,55301,51851,52600,368012,0
2020-02-16,52414,53938,51051,53938,1209845,0
2020-02-15,50009,52000,50009,51745,199671,0
2020-02-12,51704,53399,50000,52000,200318,0
2020-02-10,55700,55700,51587,52728,170978,0
2020-02-09,57000,57000,53136,53200,268811,0
2020-02-08,56461,56461,54986,55852,668693,0
2020-02-05,53750,53920,52000,53920,1158288,0
2020-02-04,52537,52537,50000,50981,294972,0
2020-02-03,50400,50600,49200,50200,412494,0
2020-02-02,49800,49800,48251,49190,226906,0
2020-02-01,49799,49799,48758,48811,240765,0
2020-01-28,49500,49500,48152,48990,116503,0
2020-01-27,49500,49500,48500,48790,243356,0
2020-01-26,48998,48998,47900,48000,300858,0
2020-01-25,49499,49499,48019,48690,216049,0
2020-01-22,49799,49799,47706,49480,161919,0
2020-01-21,50000,50000,46984,48800,231712,0
2020-01-20,50948,50948,48800,49100,230579,0
2020-01-19,50900,50900,49000,49900,250029,0
2020-01-18,51999,51999,49900,50400,321077,0
2020-01-15,51000,51000,48001,49419,208785,0
2020-01-14,51698,51698,48750,49300,555543,0
2020-01-13,50500,52989,49000,49908,253723,0
2020-01-12,51498,51498,50000,50200,228356,0
2020-01-11,49078,49078,48201,49078,622235,0
2020-01-08,48116,48116,48116,48116,12428,0
2020-01-07,50001,50500,48604,48604,69828,0
2020-01-05,52000,52000,50000,50100,157459,0
2020-01-04,50863,51000,50863,50863,390634,0
2020-01-01,55532,55535,52000,52000,245364,0
2019-12-31,55567,55567,51900,55500,363995,0
2019-12-30,51199,53272,50738,53272,703145,0
2019-12-29,50999,51180,50302,50700,140603,0
2019-12-28,50299,50300,49900,50279,236297,0
2019-12-25,50139,50139,49000,49265,99736,0
2019-12-24,50500,50500,47400,49500,178310,0
2019-12-23,50500,50700,47504,48500,123843,0
2019-12-22,51400,51400,49003,49599,101703,0
2019-12-21,51495,51495,49001,49439,136808,0
2019-12-18,49700,50000,48523,48999,101312,0
2019-12-17,49993,49993,48003,49500,123087,0
2019-12-16,49159,50000,47355,48596,435282,0
2019-12-15,50500,50550,48222,48840,145710,0
2019-12-14,50199,50300,48500,49250,102414,0
2019-12-11,50500,50500,48161,49489,68770,0
2019-12-10,51400,51400,48000,49100,121929,0
2019-12-09,51900,51900,49500,50390,151049,0
2019-12-08,50998,53547,49101,50457,172217,0
2019-11-27,50000,50998,49560,50290,156379,0
2019-11-26,49845,50700,48200,50300,208757,0
2019-11-25,49779,49800,47062,49500,181906,0
2019-11-24,49700,49700,48151,48600,55396,0
2019-11-23,49600,49890,47533,48001,116276,0
2019-11-20,48500,48698,46603,48620,319784,0
2019-11-19,47999,47999,45000,47989,109304,0
2019-11-18,47200,47600,46010,47200,121838,0
2019-11-17,46880,46900,45037,46800,72418,0
2019-11-16,47997,47997,45026,46725,52372,0
2019-11-13,46980,46980,44520,46466,165980,0
2019-11-12,48000,48000,46001,46105,105335,0
2019-11-11,47500,47500,45506,46800,57905,0
2019-11-10,47200,47900,45712,45990,59222,0
2019-11-09,48414,48414,45503,46999,133083,0
2019-11-05,49499,49890,46774,46774,437217,0
2019-11-04,49000,49998,48050,49297,98195,0
2019-11-03,49999,50000,47505,48503,207115,0
2019-11-02,49892,50055,48000,49000,52261,0
2019-10-30,48240,49892,47501,49885,269789,0
2019-10-28,48693,49114,47022,47061,314146,0
2019-10-26,49498,49498,47000,47998,104199,0
2019-10-23,48172,49123,47053,47990,90215,0
2019-10-22,47357,47357,46116,46900,120073,0
2019-10-21,42511,46200,42511,45991,169101,0
2019-10-20,46000,46000,43138,45200,189491,0
2019-10-16,43100,47000,43100,46114,138145,0
2019-10-15,47754,47754,44448,44448,100899,0
2019-10-14,46998,47000,46001,46989,95993,0
2019-10-13,49500,49500,46028,46707,127957,0
2019-10-12,49988,49988,48000,48239,80018,0
2019-10-09,49400,49987,48200,48650,90749,0
2019-10-08,51601,51601,48234,48234,194074,0
2019-10-07,51240,51990,49020,51599,166924,0
2019-10-06,50050,52181,49909,50889,264863,0
2019-10-05,50998,50998,48001,49703,100302,0
2019-10-02,51160,51160,49501,49502,92592,0
2019-10-01,51340,51340,48811,49450,202506,0
2019-09-30,52299,52299,50500,50998,170222,0
2019-09-29,52307,52650,50510,51490,99345,0
2019-09-28,51800,52700,50550,51998,268758,0
2019-09-25,51036,51449,50100,51000,308439,0
2019-09-24,50062,51449,50062,50500,252880,0
2019-09-23,51399,51399,49999,50279,255216,0
2019-09-22,51994,51994,49500,50300,198360,0
2019-09-21,51997,52000,49422,51500,131854,0
2019-09-18,51799,51799,49300,50005,187480,0
2019-09-17,52669,52670,48985,49960,292280,0
2019-09-16,49997,52445,48001,52047,829296,0
2019-09-15,50489,50489,49000,49800,188147,0
2019-09-14,50000,50418,49380,49802,335893,0
2019-09-11,49998,49998,48200,49389,418645,0
2019-09-08,49998,49998,47203,48800,83842,0
2019-09-07,51121,51121,48901,49680,87018,0
2019-09-04,50300,50300,49800,50188,157779,0
2019-09-03,48600,50720,48600,49160,211612,0
2019-09-02,49899,49899,47269,49502,595032,0
2019-09-01,51900,51900,49023,49023,142631,0
2019-08-31,52980,52980,50000,51354,294109,0
2019-08-28,50500,52238,50000,51890,1073736,0
2019-08-27,52790,52799,48776,48776,315732,0
2019-08-26,51000,52490,50000,51800,223730,0
2019-08-25,52585,52585,49958,49981,191869,0
2019-08-24,55998,55998,51995,52050,349920,0
2019-08-21,53000,55649,53000,54900,13022,0
2019-08-17,53499,53499,51111,51111,247369,0
2019-08-14,52000,53100,50451,52998,535554,0
2019-08-13,51750,53299,50000,51807,253302,0
2019-08-11,52200,52280,50800,51300,273839,0
2019-08-10,51498,51498,50098,50749,108946,0
2019-08-07,51300,51490,49730,50255,120168,0
2019-08-06,50000,51891,48000,50250,317843,0
2019-08-05,52100,52100,49686,49686,462993,0
2019-08-04,53298,53298,50500,52100,243585,0
2019-08-03,49999,51835,49999,51835,565628,0
2019-07-31,49434,49434,48100,49434,359664,0
2019-07-30,46160,47467,44600,47467,377318,0
2019-07-29,44979,45528,44000,44945,320517,0
2019-07-28,44900,44900,42002,44380,166662,0
2019-07-16,46400,46400,42794,44990,1117588,0
2019-07-15,47500,47648,44968,44968,823154,0
2019-07-14,48500,48500,45001,46808,772282,0
2019-07-13,46199,46561,45561,46561,737728,0
2019-07-10,44344,44344,44344,44344,2296934,0
2019-07-09,42800,43972,41000,43300,4560165,0
2019-07-02,39335,41447,39335,41447,623933,0
2019-07-01,40810,41300,39236,39335,344518,0
2019-06-30,43128,43128,39021,40316,208983,0
2019-06-26,40320,41329,39827,41329,332304,0
2019-06-25,40121,40121,38353,39876,391686,0
2019-06-24,39337,41297,38846,39628,132596,0
2019-06-23,40908,41302,39832,39974,171953,0
2019-06-22,39345,41302,38844,41187,254038,0
2019-06-19,40908,41793,38450,39336,510027,0
2019-06-18,40328,43249,39529,40516,138177,0
2019-06-17,39384,42285,39384,40318,238095,0
2019-06-16,41302,43593,40590,40590,586421,0
2019-06-15,42726,43268,42726,42726,94697,0
2019-06-12,47486,47486,42970,42970,2354318,0
2019-06-11,45569,47201,43291,46366,1318383,0
2019-06-09,44694,44694,44694,44694,410731,0
2019-06-08,42566,42566,42566,42566,290208,0
2019-06-03,40540,40540,40540,40540,331369,0
2019-06-02,38609,38609,38609,38609,31375,0
2019-06-01,36771,36771,36771,36771,436748,0
2019-05-29,33435,35223,33435,35223,1318731,0
2019-05-28,33041,35205,33024,33055,135589,0
2019-05-26,34996,34996,32456,34231,186774,0
2019-05-25,34531,36286,33560,33560,361876,0
2019-05-22,35346,35346,34418,35346,1410908,0
2019-05-21,33664,33664,33654,33664,434168,0
2019-05-20,32061,32061,32061,32061,68252,0
2019-05-19,29695,31271,29501,31271,137381,0
2019-05-18,29983,30101,29398,29982,162443,0
2019-05-15,29993,29993,29206,29649,195254,0
2019-05-14,30081,30081,28568,29821,64604,0
2019-05-13,30089,30089,29452,29549,81687,0
2019-05-12,29501,29501,28523,29479,174593,0
2019-05-11,29550,29550,29206,29501,75908,0
2019-05-08,29649,29649,28518,29511,109538,0
2019-05-07,29413,29796,27943,29010,224280,0
2019-05-06,29045,29698,28520,29501,250684,0
2019-05-05,29501,29501,28519,28520,178288,0
2019-05-04,29604,30779,28129,29747,227042,0
2019-05-01,30485,30485,29483,29501,204492,0
2019-04-30,29885,29895,28518,29677,378870,0
2019-04-29,27043,29689,27043,29689,756395,0
2019-04-28,28323,28323,26975,28323,2819574,0
2019-04-27,26975,26975,26975,26975,120260,0
2019-04-24,25371,25959,25371,25959,148871,0
2019-04-23,24978,25371,24566,25135,1194613,0
2019-04-22,24584,24977,24197,24584,527661,0
2019-04-20,25076,25076,23798,23898,616497,0
2019-04-17,25764,25842,23760,23760,778707,0
2019-04-16,26025,26649,24953,24953,455839,0
2019-04-15,26156,26924,26156,26156,550264,0
2019-04-14,29108,29108,27459,27459,68774,0
2019-04-13,29402,29501,28321,28323,278454,0
2019-04-10,29500,29500,28911,28951,610308,0
2019-04-09,29469,29501,28960,29469,189136,0
2019-04-08,29501,29698,28911,29570,357658,0
2019-04-07,29488,29894,29108,29600,340377,0
2019-04-06,29659,29659,29069,29452,181661,0
2019-03-31,29031,29491,29031,29478,297460,0
2019-03-30,29600,29600,28960,29488,209500,0
2019-03-27,29649,29649,29098,29494,339475,0
2019-03-26,29541,29550,29010,29494,271469,0
2019-03-25,29670,29670,28725,29499,351573,0
2019-03-19,29501,30170,28518,29206,25129876,0
2019-03-18,29993,30190,29501,29501,160752,0
2019-03-17,29649,29649,28027,29501,785594,0
2019-03-16,29501,29614,28746,29501,1337286,0
2019-03-13,30482,30485,28566,29388,53403076,0
2019-03-12,29363,30473,29363,30064,752296,0
2019-03-11,29305,29501,28519,29344,619673,0
2019-03-10,28516,28518,28380,28469,455478,0
2019-03-09,26255,27453,26255,27453,443582,0
2019-03-06,26108,26353,26108,26252,200427,0
2019-03-05,25764,26354,25656,25961,289247,0
2019-03-04,26453,26453,24317,25961,281608,0
2019-03-03,25602,25604,25174,25604,899990,0
2019-03-02,24358,24393,24289,24393,462261,0
2019-02-27,22618,23746,22618,23746,594186,0
2019-02-26,22459,22795,21854,22598,427971,0
2019-02-25,21634,22459,21634,22175,387627,0
2019-02-24,21880,22018,21438,22018,554924,0
2019-02-23,21852,22126,21143,21516,611809,0
2019-02-20,22126,22342,21044,21634,637819,0
2019-02-19,22056,22398,21261,21819,693607,0
2019-02-18,21929,22126,21634,22042,477666,0
2019-02-17,21095,21829,21095,21746,458820,0
2019-02-16,20925,21399,20454,21195,1010135,0
2019-02-13,21428,21536,19984,20199,582889,0
2019-02-12,20966,21634,20406,21143,445446,0
2019-02-10,21443,21782,20819,20995,155949,0
2019-02-06,22516,22516,21556,21634,660546,0
2019-02-05,22223,22223,21339,22085,463575,0
2019-02-04,21830,22239,21634,22125,1089695,0
2019-02-03,20652,21732,20651,21732,861183,0
2019-02-02,21043,21427,20582,20651,1271367,0
2019-01-30,20342,20843,20342,20454,325585,0
2019-01-29,20651,20651,19667,20158,1209786,0
2019-01-28,19666,21614,19666,20321,273221,0
2019-01-27,19372,20943,19372,20258,967534,0
2019-01-26,20021,20233,19945,19945,2128175,0
2019-01-23,21928,21928,20501,20501,1023589,0
2019-01-22,22424,23375,21303,21624,1487496,0
2019-01-19,22269,22269,22269,22269,24274,0
2019-01-16,20848,21321,20848,21321,1991468,0
2019-01-15,19972,20700,19962,20660,2434864,0
2019-01-14,19687,20153,19667,19932,1114385,0
2019-01-13,19274,19560,18684,19372,2580770,0
2019-01-12,19372,19520,18719,19272,1037479,0
2019-01-09,17996,18778,17996,18778,3981322,0
2019-01-08,18190,18562,17376,17888,2382579,0
2019-01-07,17711,17711,17209,17711,2508186,0
2019-01-06,16747,16874,16228,16874,2396064,0
2019-01-05,15495,16082,15495,16082,1681261,0
2019-01-02,14777,15495,14777,15495,2218333,0
2019-01-01,14574,14845,14556,14751,851195,0
2018-12-31,14652,14652,14072,14386,248195,0
2018-12-30,14751,14947,14035,14426,253811,0
2018-12-29,14457,14924,14173,14839,738017,0
2018-12-26,14750,14750,14173,14382,1373114,0
2018-12-25,14966,14966,14554,14668,1648083,0
2018-12-24,14320,14320,14111,14320,1492785,0
2018-12-23,13639,13644,13531,13644,323470,0
2018-12-22,12712,13168,12712,13168,1481865,0
2018-12-19,12292,12704,12127,12703,2855018,0
2018-12-18,11948,12390,11948,12292,1300587,0
2018-12-17,12321,12321,11800,12299,471146,0
2018-12-15,11580,11898,11580,11851,355184,0
2018-12-12,11014,11578,10523,11558,704582,0
2018-12-11,11033,11309,11030,11033,84881,0
2018-12-10,10941,11308,10866,10935,297502,0
2018-12-09,10719,11112,10325,10915,297665,0
2018-12-08,10476,10816,10278,10719,205608,0
2018-12-05,10324,10472,10128,10472,478684,0
2018-12-04,9981,10186,9756,10052,371627,0
2018-12-03,9733,9932,9568,9881,339296,0
2018-12-02,9440,9833,9293,9716,1194378,0
2018-12-01,9539,9637,9058,9430,154139,0
2018-11-28,9587,9636,9244,9440,216049,0
2018-11-27,9293,9411,8850,9369,150268,0
2018-11-26,9440,9636,8746,9322,238059,0
2018-11-24,9527,9696,9149,9390,23948,0
2018-11-21,9623,9623,9146,9529,217811,0
2018-11-20,9490,9588,9084,9490,164103,0
2018-11-19,9244,9337,8951,9291,133597,0
2018-11-18,9223,9223,8801,8900,206666,0
2018-11-17,9244,9292,8681,9047,326351,0
2018-11-14,9440,9625,9098,9424,56692,0
2018-11-13,9734,9734,9036,9440,219328,0
2018-11-12,9586,9686,9314,9354,161103,0
2018-11-11,9735,9735,9145,9539,11157,0
2018-11-10,10128,10128,9479,9479,186612,0
2018-11-06,10020,10126,9550,10093,189279,0
2018-11-05,9724,9901,9435,9901,308450,0
2018-11-04,10021,10021,9432,9637,549010,0
2018-11-03,9932,10129,9440,9971,115920,0
2018-10-31,9942,9942,9440,9814,144716,0
2018-10-29,9539,9832,9047,9047,262476,0
2018-10-28,9608,9617,9391,9490,140392,0
2018-10-27,9158,9834,9158,9158,305857,0
2018-10-24,9640,9640,9640,9640,16347,0
2018-10-23,10145,10779,10145,10145,63149,0
2018-10-21,11230,11230,11210,11210,73153,0
2018-10-20,10702,10704,10702,10704,82467,0
2018-10-17,10198,10205,9932,10205,592308,0
2018-10-16,9967,9967,9165,9166,190441,0
2018-10-15,9206,9652,9047,9586,903696,0
2018-10-14,9683,9683,9199,9199,388527,0
2018-10-13,9223,9223,9223,9223,13261,0
2018-10-10,10421,10421,9653,9653,393296,0
2018-10-09,10039,10566,10039,10039,1960376,0
2018-10-08,10567,10567,10567,10567,15591,0
2018-10-07,11123,11123,11123,11123,14153,0
2018-10-06,12145,12145,11538,11538,178899,0
2018-10-02,12784,12784,12784,12784,29225,0
2018-10-01,12508,12508,11712,12508,1860546,0
2018-09-30,11913,11913,11702,11913,1857465,0
2018-09-29,11329,11361,11308,11361,237522,0
2018-09-26,11192,11192,10621,10819,1336736,0
2018-09-25,11208,11308,10723,10817,651020,0
2018-09-24,10870,11413,10620,10866,204608,0
2018-09-22,10353,10353,10353,10353,20483,0
2018-09-18,9834,10017,9490,10017,645745,0
2018-09-17,9318,9565,9318,9565,226678,0
2018-09-16,9193,9193,8864,9185,349598,0
2018-09-15,8574,8795,8457,8795,465086,0
2018-09-12,8564,8564,8305,8555,443060,0
2018-09-11,8334,8619,8243,8350,94470,0
2018-09-10,8269,8477,8260,8477,179572,0
2018-09-09,8506,8619,8260,8286,76549,0
2018-09-08,8328,8457,8328,8428,111771,0
2018-09-05,7965,8270,7867,8270,250350,0
2018-09-04,7944,7944,7847,7890,83563,0
2018-09-03,7944,7944,7848,7916,105105,0
2018-09-02,8007,8007,7829,7915,323663,0
2018-09-01,8012,8012,7867,7877,83427,0
2018-08-29,8097,8097,7866,7887,180152,0
2018-08-28,7867,7965,7837,7867,40071,0
2018-08-27,8048,8161,7867,7965,99912,0
2018-08-26,8044,8044,7867,7962,122719,0
2018-08-25,7964,8014,7819,7965,17675,0
2018-08-21,8064,8064,7867,7964,28295,0
2018-08-20,7887,8011,7780,7901,78110,0
2018-08-19,7965,8241,7884,7887,62096,0
2018-08-18,8052,8052,7774,8005,29725,0
2018-08-15,7994,8014,7720,7887,43224,0
2018-08-14,8004,8004,7721,7732,61740,0
2018-08-13,7965,8103,7704,7916,189031,0
2018-08-12,8506,8554,8022,8113,8180,0
2018-08-11,8311,8555,8014,8026,23400,0
2018-08-08,8459,8459,8299,8299,25781,0
2018-08-07,9047,9047,8546,8546,18358,0
2018-08-06,8850,8878,8752,8878,150119,0
2018-08-05,8457,8497,8163,8457,451313,0
2018-08-04,8108,8113,7867,7965,294530,0
2018-08-01,8003,8112,7634,7965,95408,0
2018-07-31,7804,7965,7671,7936,77060,0
2018-07-30,7485,7867,7485,7797,623584,0
2018-07-29,8031,8031,7572,7572,105488,0
2018-07-28,7966,8032,7819,7867,14195,0
2018-07-25,7837,8062,7769,8033,28464,0
2018-07-24,8264,8264,7837,7837,187878,0
2018-07-23,8122,8260,7858,8260,325854,0
2018-07-22,8161,8161,7867,8122,163628,0
2018-07-21,8054,8198,7919,8161,67960,0
2018-07-18,8162,8278,7807,8054,48274,0
2018-07-17,8275,8280,7831,8172,183587,0
2018-07-16,7887,8260,7829,8251,55768,0
2018-07-14,7867,8349,7775,8260,70501,0
2018-07-11,8786,8786,7989,7990,69930,0
2018-07-03,8850,8932,8531,8931,621396,0
2018-07-02,8761,8940,8550,8575,103674,0
2018-07-01,8940,9028,8555,8760,127241,0
2018-06-30,8850,9008,8514,8939,43360,0
2018-06-27,8940,8940,8494,8885,171606,0
2018-06-26,9106,9106,8500,8931,191685,0
2018-06-25,8545,9109,8545,8938,223680,0
2018-06-24,9020,9108,8850,8940,200297,0
2018-06-23,8877,9108,8761,8957,250400,0
2018-06-20,8582,8791,8538,8760,105269,0
2018-06-19,8475,8625,8461,8577,127928,0
2018-06-18,8484,8484,8163,8403,125963,0
2018-06-17,7858,8162,7858,8162,246495,0
2018-06-13,7563,7867,7563,7866,189117,0
2018-06-12,7603,7778,7509,7767,69594,0
2018-06-11,7768,7778,7607,7759,51020,0
2018-06-10,7777,7778,7601,7607,147053,0
2018-06-09,7776,7839,7600,7747,69198,0
2018-06-03,7741,7795,7567,7772,129520,0
2018-06-02,7688,7778,7566,7732,81497,0
2018-05-30,7687,7723,7564,7679,46311,0
2018-05-29,7687,7702,7563,7653,98640,0
2018-05-28,7598,7688,7563,7687,59645,0
2018-05-27,7643,7688,7559,7634,60776,0
2018-05-26,7599,7643,7446,7643,111554,0
2018-05-23,7563,7599,7350,7554,76101,0
2018-05-22,7509,7552,7304,7500,146400,0
2018-05-21,7464,7509,7339,7465,98834,0
2018-05-20,7420,7465,7295,7420,534301,0
2018-05-19,7444,7446,7295,7446,632929,0
2018-05-16,7464,7464,7244,7436,136480,0
2018-05-15,7479,7479,7188,7436,216228,0
2018-05-14,7393,7465,7241,7410,202283,0
2018-05-13,7394,7397,7162,7181,170427,0
2018-05-12,7378,7397,7081,7383,119320,0
2018-05-09,7417,7417,7152,7394,112266,0
2018-05-08,7419,7419,7330,7414,44000,0
2018-05-07,7411,7420,7250,7417,128325,0
2018-05-06,7276,7417,7180,7285,240444,0
2018-05-05,7284,7320,7065,7308,159217,0
2018-05-01,7236,7321,7063,7277,351682,0
2018-04-30,7240,7241,7107,7232,181150,0
2018-04-29,7223,7241,7018,7232,198461,0
2018-04-28,7152,7241,7017,7196,343190,0
2018-04-25,7223,7241,7152,7223,158150,0
2018-04-24,7223,7241,7041,7089,165850,0
2018-04-23,7304,7304,7066,7152,30519,0
2018-04-22,7329,7329,7082,7312,127170,0
2018-04-21,7312,7312,7152,7307,141250,0
2018-04-18,7329,7387,7106,7325,94525,0
2018-04-17,7392,7392,7064,7276,127785,0
2018-04-16,6973,7312,6894,7303,839510,0
2018-04-15,6918,7098,6729,6973,188767,0
2018-04-11,6973,6973,6687,6687,573883,0
2018-04-10,6883,6955,6728,6768,46419,0
2018-04-09,6937,6937,6714,6873,65798,0
2018-04-08,6955,6955,6714,6862,79550,0
2018-04-07,6955,6955,6688,6884,122623,0
2018-04-04,6937,6937,6794,6884,21147,0
2018-04-03,6741,6960,6740,6873,32080,0
2018-03-28,6963,6964,6722,6946,20398,0
2018-03-27,7014,7014,6706,6961,17915,0
2018-03-26,6924,6924,6669,6909,39405,0
2018-03-25,6961,6961,6626,6950,16000,0
2018-03-19,6952,7015,6624,6964,70509,0
2018-03-18,7063,7063,6543,6884,159825,0
2018-03-17,7075,7075,6808,6808,44857,0
2018-03-14,7114,7114,6839,6929,1023689,0
2018-03-13,6974,7109,6929,6952,17279,0
2018-03-12,7152,7152,6975,7132,216114,0
2018-03-11,6975,7241,6975,7141,164804,0
2018-03-10,7277,7507,6975,7152,193044,0
2018-03-07,7287,7287,6946,7218,213295,0
2018-03-04,7618,7642,7286,7527,459349,0
2018-03-03,7652,7652,7289,7544,264583,0
2018-02-28,7643,7643,7242,7420,245634,0
2018-02-27,7572,7572,7330,7417,206882,0
2018-02-26,7286,7383,7072,7330,178029,0
2018-02-25,6885,7241,6795,7068,66686,0
2018-02-24,7152,7152,6980,6980,35735,0
2018-02-21,7525,7525,7205,7214,93238,0
2018-02-19,7527,7527,7330,7500,304468,0
2018-02-18,7292,7330,7090,7329,290350,0
2018-02-17,7063,7170,6985,7125,188745,0
2018-02-14,7063,7063,6759,6846,103668,0
2018-02-13,6729,6935,6673,6773,124169,0
2018-02-12,6435,6642,6435,6526,53125,0
2018-02-10,6398,6436,6398,6398,6773,0
2018-02-07,6524,6524,6402,6405,29114,0
2018-02-06,6397,6435,6395,6435,33593,0
2018-02-05,6503,6503,6392,6436,70529,0
2018-02-04,6428,6554,6418,6421,17569,0
2018-02-03,6481,6568,6442,6561,40089,0
2018-01-31,6579,6579,6436,6459,14660,0
2018-01-30,6508,6519,6392,6519,61719,0
2018-01-29,6418,6445,6347,6347,164902,0
2018-01-28,6477,6519,6424,6427,137444,0
2018-01-27,6763,6763,6499,6518,120700,0
2018-01-24,6590,6705,6522,6571,187110,0
2018-01-23,6884,7014,6519,6526,180614,0
2018-01-22,6634,6884,6625,6884,88450,0
2018-01-21,6890,6890,6679,6705,201596,0
2018-01-20,7015,7015,6836,6972,68096,0
2018-01-17,7119,7142,6952,6955,152443,0
2018-01-16,7152,7169,7018,7063,59999,0
2018-01-15,7196,7223,7152,7152,81102,0
2018-01-14,7215,7263,7196,7198,17665,0
2018-01-13,7374,7374,7197,7326,5063,0
2018-01-10,7197,7286,7197,7241,51554,0
2018-01-09,7162,7242,7162,7241,75582,0
2018-01-08,7348,7350,7197,7197,718509,0
2018-01-07,7206,7400,7201,7348,92101,0
2018-01-06,7450,7450,7241,7254,51793,0
2018-01-03,7242,7498,7179,7419,83884,0
2018-01-02,7419,7456,7201,7456,128769,0
2018-01-01,7373,7419,7147,7419,104129,0
2017-12-31,7420,7508,7054,7155,374768,0
2017-12-30,7374,7589,7278,7419,335425,0
2017-12-27,7402,7402,7321,7382,52741,0
2017-12-26,7264,7416,7264,7287,48003,0
2017-12-25,7259,7357,7176,7268,106745,0
2017-12-24,7321,7331,7242,7260,33141,0
2017-12-23,7330,7446,7330,7420,113170,0
2017-12-20,7509,7514,7420,7420,219109,0
2017-12-19,7420,7514,7420,7421,110197,0
2017-12-18,7509,7518,7421,7421,88252,0
2017-12-17,7476,7597,7152,7476,224631,0
2017-12-16,7510,7511,7420,7423,108646,0
2017-12-13,7449,7599,7420,7509,124188,0
2017-12-12,7430,7508,7420,7421,28298,0
2017-12-11,7509,7510,7420,7421,315584,0
2017-12-10,7466,7611,7420,7599,256089,0
2017-12-09,7599,7682,7470,7607,362107,0
2017-12-05,7643,7679,7643,7643,148070,0
2017-12-04,7634,7687,7572,7599,216295,0
2017-12-03,7582,7594,7582,7585,2280,0
2017-12-02,7679,7679,7599,7616,286969,0
2017-11-29,7582,7748,7582,7599,51818,0
2017-11-28,7759,7759,7599,7660,116567,0
2017-11-26,7599,7653,7575,7600,77915,0
2017-11-25,7599,7723,7599,7687,167129,0
2017-11-22,7599,7732,7563,7599,193125,0
2017-11-21,7600,7778,7599,7643,178050,0
2017-11-20,7816,7816,7618,7643,308420,0
2017-11-18,7778,7795,7608,7679,122916,0
2017-11-15,7778,7780,7732,7732,84563,0
2017-11-14,7839,7839,7778,7787,64401,0
2017-11-13,7778,7821,7688,7821,344356,0
2017-11-12,7599,7821,7599,7791,370421,0
2017-11-11,7732,7732,7599,7599,52144,0
2017-11-08,7714,7732,7599,7603,77778,0
2017-11-07,7599,7732,7599,7599,89967,0
2017-11-06,7599,7616,7599,7599,99307,0
2017-11-05,7599,7778,7599,7691,96885,0
2017-11-04,7570,7688,7570,7688,232675,0
2017-11-01,7589,7599,7429,7599,305119,0
2017-10-31,7564,7565,7405,7563,122882,0
2017-10-30,7509,7598,7442,7442,322014,0
2017-10-29,7508,7509,7366,7420,243410,0
2017-10-28,7196,7508,7153,7375,226128,0
2017-10-25,7241,7330,7241,7330,110412,0
2017-10-24,7241,7416,7214,7214,169476,0
2017-10-23,7419,7491,7241,7373,439424,0
2017-10-22,7491,7491,7330,7330,187180,0
2017-10-21,7183,7373,7179,7282,141493,0
2017-10-18,7068,7241,6977,7162,240002,0
2017-10-17,7189,7285,7152,7188,126217,0
2017-10-16,7152,7191,7152,7152,120272,0
2017-10-15,7241,7241,7081,7152,94762,0
2017-10-14,7277,7286,7196,7256,89557,0
2017-10-11,7344,7375,7259,7263,77162,0
2017-10-10,7317,7420,7317,7362,392470,0
2017-10-09,7108,7317,7080,7317,431783,0
2017-10-08,7151,7226,7017,7152,668276,0
2017-10-07,6928,7151,6928,6974,255205,0
2017-10-04,6689,7133,6689,7063,1461480,0
2017-10-03,6892,6892,6706,6870,89307,0
2017-10-02,6794,6884,6708,6785,111024,0
2017-09-27,6750,6863,6749,6776,61526,0
2017-09-26,6964,6964,6752,6864,142563,0
2017-09-25,6826,7008,6764,7003,227212,0
2017-09-24,7149,7149,6857,6857,273053,0
2017-09-23,6808,7107,6808,7016,77936,0
2017-09-20,6973,6973,6839,6884,48338,0
2017-09-19,7026,7030,6822,6955,122678,0
2017-09-18,7059,7059,6814,6972,79563,0
2017-09-17,7053,7053,6813,6952,27785,0
2017-09-16,7142,7142,6902,7062,18750,0
2017-09-13,6884,7168,6884,7054,251292,0
2017-09-12,7268,7268,6975,7125,113214,0
2017-09-11,7179,7304,7067,7141,383864,0
2017-09-10,6964,7187,6884,7063,386726,0
2017-09-06,7105,7105,6794,6946,257565,0
2017-09-05,6650,6951,6650,6883,122392,0
2017-09-04,6910,6962,6634,6675,298413,0
2017-09-03,6928,6928,6625,6642,85634,0
2017-09-02,6624,6702,6615,6624,57973,0
2017-08-30,6705,6924,6623,6794,131617,0
2017-08-29,6961,6963,6680,6680,69282,0
2017-08-28,6785,6963,6615,6882,56546,0
2017-08-27,6794,6795,6529,6625,72684,0
2017-08-26,6964,7024,6793,6795,101586,0
2017-08-23,7196,7196,6858,6995,199586,0
2017-08-22,7107,7107,6735,6973,345220,0
2017-08-21,6963,6963,6615,6638,258830,0
2017-08-20,6481,6749,6470,6696,434337,0
2017-08-19,6660,6660,6470,6472,132960,0
2017-08-16,6535,6535,6468,6471,104179,0
2017-08-15,6562,6615,6535,6536,30285,0
2017-08-14,6576,6578,6563,6571,20283,0
2017-08-13,6749,6749,6562,6571,88604,0
2017-08-12,6562,6696,6562,6654,64384,0
2017-08-09,6696,6696,6437,6670,140342,0
2017-08-08,6704,6705,6597,6597,82369,0
2017-08-07,6618,6768,6598,6709,119979,0
2017-08-06,6625,6677,6615,6620,9010,0
2017-08-02,6642,6739,6615,6616,107161,0
2017-08-01,6884,6884,6660,6660,154587,0
2017-07-31,6601,6748,6601,6731,104219,0
2017-07-30,6749,6749,6592,6691,128108,0
2017-07-29,6626,6705,6626,6703,148770,0
2017-07-26,6752,6752,6627,6627,71092,0
2017-07-25,6707,6847,6666,6678,75362,0
2017-07-24,6857,6857,6738,6759,38888,0
2017-07-23,6731,6927,6731,6879,45269,0
2017-07-22,6660,7052,6660,6821,134309,0
2017-07-19,6616,6775,6590,6768,211657,0
2017-07-18,6661,6768,6613,6615,382210,0
2017-07-17,6736,6783,6670,6670,74707,0
2017-07-16,6794,6794,6727,6784,70076,0
2017-07-15,6854,6854,6760,6794,84846,0
2017-07-12,6973,6973,6768,6783,51248,0
2017-07-11,6884,7062,6795,6839,52278,0
2017-07-10,6896,6901,6808,6808,44277,0
2017-07-09,7026,7026,6796,6950,106707,0
2017-07-08,7072,7072,6885,6916,41691,0
2017-07-05,7241,7241,7076,7077,33476,0
2017-07-04,7250,7250,7074,7075,25012,0
2017-07-03,7108,7176,7064,7176,23577,0
2017-07-02,7166,7214,7152,7214,86145,0
2017-07-01,7305,7330,7163,7196,67692,0
2017-06-28,7152,7554,7152,7330,380971,0
2017-06-25,7598,7598,6850,7152,425965,0
2017-06-24,6754,6850,6749,6808,62968,0
2017-06-21,6815,6970,6815,6840,58353,0
2017-06-20,6946,6973,6912,6971,105376,0
2017-06-19,7025,7152,6973,6973,74103,0
2017-06-18,7055,7205,6982,7022,46479,0
2017-06-17,7500,7500,6885,7211,107293,0
2017-06-14,7377,7420,7377,7420,5511,0
2017-06-07,7636,7636,7175,7495,1540040,0
2017-06-06,7658,7658,7142,7307,438791,0
2017-06-03,7403,7464,7153,7297,405989,0
2017-05-31,6868,7244,6868,7070,291926,0
2017-05-30,7024,7137,6802,7071,60741,0
2017-05-29,7064,7141,6947,6947,64983,0
2017-05-28,7040,7141,7024,7086,118880,0
2017-05-27,7033,7182,6970,6985,104226,0
2017-05-24,7064,7142,7064,7064,63144,0
2017-05-23,7290,7290,7095,7105,66716,0
2017-05-22,7299,7300,7145,7217,64986,0
2017-05-21,7354,7354,7127,7182,35254,0
2017-05-20,7363,7369,7098,7147,44092,0
2017-05-17,7395,7395,7064,7144,116691,0
2017-05-16,7417,7417,7064,7087,81838,0
2017-05-15,7536,7536,7222,7376,197102,0
2017-05-14,7723,7724,7536,7536,148393,0
2017-05-13,7785,7785,7527,7675,501323,0
2017-05-10,7456,7770,7456,7613,553537,0
2017-05-09,7771,7771,7491,7526,718884,0
2017-05-08,7648,7648,7378,7495,854587,0
2017-05-07,7232,7456,7191,7407,316250,0
2017-05-06,7377,7456,7221,7232,385479,0
2017-05-03,7106,7354,7104,7143,681673,0
2017-05-02,7190,7299,7158,7298,592176,0
2017-05-01,7009,7214,6994,7214,712686,0
2017-04-30,6985,7142,6884,7142,1089372,0
2017-04-29,6697,7055,6697,6993,663215,0
2017-04-26,6730,6985,6730,6851,277598,0
2017-04-24,6656,6946,6655,6946,746726,0
2017-04-23,6653,6906,6616,6767,457058,0
2017-04-22,6734,6985,6476,6813,313960,0
2017-04-19,6828,6906,6553,6871,296470,0
2017-04-18,6906,6967,6685,6820,348075,0
2017-04-17,6867,6929,6714,6828,267184,0
2017-04-16,6997,6997,6782,6906,331680,0
2017-04-15,7064,7064,6844,6891,447582,0
2017-04-12,7056,7056,6867,7024,509984,0
2017-04-10,7056,7056,6806,6904,289443,0
2017-04-09,6687,6906,6687,6749,112488,0
2017-04-08,7064,7086,6829,6870,231278,0
2017-04-05,7134,7134,6907,6922,243987,0
2017-04-04,7064,7141,6925,6946,178548,0
2017-04-03,7059,7092,6906,6906,283161,0
2017-03-29,7064,7127,6916,6975,305530,0
2017-03-28,7130,7142,6908,7018,204955,0
2017-03-27,7064,7131,6907,7044,137200,0
2017-03-26,6876,7071,6876,7015,121389,0
2017-03-25,6884,7064,6789,7028,243175,0
2017-03-18,6828,6975,6828,6938,433977,0
2017-03-15,6373,6751,6373,6751,1017971,0
2017-03-14,6275,6514,6153,6475,1345217,0
2017-03-13,6056,6371,6056,6275,960724,0
2017-03-12,6238,6277,6031,6200,299417,0
2017-03-11,6224,6224,5816,6144,445087,0
2017-03-08,6233,6247,6043,6063,249552,0
2017-03-07,6381,6381,6233,6247,150771,0
2017-03-06,6388,6388,6240,6294,157052,0
2017-03-05,6395,6413,6215,6308,262813,0
2017-03-04,6238,6553,6182,6334,700128,0
2017-03-01,6350,6350,6232,6263,398573,0
2017-02-28,6279,6395,6247,6342,344329,0
2017-02-27,6553,6553,6296,6357,369734,0
2017-02-13,6513,6631,6444,6453,587863,0
2017-02-12,6381,6514,6336,6367,416508,0
2017-02-11,6331,6510,6279,6334,186792,0
2017-02-08,6453,6453,6200,6271,581231,0
2017-02-07,6574,6592,6393,6435,270528,0
2017-02-06,6344,6593,6344,6418,320738,0
2017-02-05,6632,6632,6332,6373,355919,0
2017-02-04,6670,6670,6382,6412,193592,0
2017-02-01,6569,6569,6420,6439,179377,0
2017-01-31,6740,6740,6553,6554,336948,0
2017-01-30,6670,6689,6550,6555,258411,0
2017-01-29,6749,6749,6525,6585,310428,0
2017-01-28,6732,6732,6499,6515,187819,0
2017-01-25,6670,6740,6473,6562,282827,0
2017-01-24,6592,6671,6435,6548,425006,0
2017-01-23,6517,6587,6357,6585,314835,0
2017-01-22,6593,6593,6302,6396,123824,0
2017-01-21,6514,6601,6291,6475,215713,0
2017-01-18,6710,6710,6476,6640,870396,0
2017-01-17,6670,6773,6527,6670,287780,0
2017-01-16,6714,6780,6517,6623,187146,0
2017-01-15,6671,6707,6279,6632,327828,0
2017-01-14,6201,6577,6201,6542,349088,0
2017-01-11,6290,6350,6122,6279,619934,0
2017-01-09,6366,6435,6287,6419,493281,0
2017-01-08,6397,6474,6374,6381,208267,0
2017-01-07,6593,6608,6382,6498,324045,0
2017-01-04,6659,6659,6435,6435,213444,0
2017-01-03,6548,6631,6514,6630,162819,0
2017-01-02,6679,6700,6562,6662,123491,0
2017-01-01,6671,6671,6542,6671,262324,0
2016-12-31,6748,6756,6554,6671,125968,0
2016-12-28,6631,6748,6514,6710,650219,0
2016-12-27,6593,6710,6546,6624,416236,0
2016-12-26,6671,6749,6537,6593,302736,0
2016-12-25,6778,6778,6593,6662,149523,0
2016-12-24,6773,6813,6608,6749,311879,0
2016-12-21,6749,6813,6677,6749,218381,0
2016-12-20,6867,6890,6671,6742,285209,0
2016-12-19,6891,6898,6751,6828,202769,0
2016-12-18,6828,6906,6710,6883,338522,0
2016-12-14,6867,6898,6781,6828,474609,0
2016-12-13,6906,6930,6828,6867,247434,0
2016-12-12,7020,7020,6867,6906,234546,0
2016-12-11,7055,7055,6889,6906,264046,0
2016-12-10,7064,7099,6908,6985,175255,0
2016-12-07,6985,7064,6828,6868,1103928,0
2016-12-06,6985,6993,6891,6950,149463,0
2016-12-05,6915,7031,6511,6974,756673,0
2016-12-04,6975,7064,6788,6825,299559,0
2016-12-03,7024,7134,6965,7010,394921,0
2016-11-29,7173,7173,7002,7095,265020,0
2016-11-27,7182,7182,7056,7095,736567,0
2016-11-26,7079,7182,7071,7103,377084,0
2016-11-23,7111,7141,7088,7113,193267,0
2016-11-22,7166,7166,7107,7130,270315,0
2016-11-21,7142,7220,7127,7127,226812,0
2016-11-19,7150,7197,7112,7134,256905,0
2016-11-16,7182,7221,7072,7150,854669,0
2016-11-15,7221,7241,7158,7182,279588,0
2016-11-14,7222,7300,7220,7229,253049,0
2016-11-13,7198,7271,7198,7224,241856,0
2016-11-12,7300,7322,7205,7260,262688,0
2016-11-09,7222,7377,7142,7300,488291,0
2016-11-08,7550,7574,7456,7522,220396,0
2016-11-07,7692,7731,7582,7652,120730,0
2016-11-06,7774,7774,7592,7613,258875,0
2016-11-05,7770,7810,7692,7771,803879,0
2016-11-02,7622,7814,7622,7731,2810034,0
2016-11-01,7598,7696,7459,7649,787975,0
2016-10-31,7300,7722,7300,7598,1117110,0
2016-10-30,7427,7503,7339,7395,912973,0
2016-10-29,7514,7514,7377,7448,1474543,0
2016-10-26,7493,7512,7401,7424,967985,0
2016-10-25,7668,7668,7456,7483,755588,0
2016-10-24,7616,7722,7526,7535,886802,0
2016-10-23,7771,7810,7558,7561,758845,0
2016-10-22,7699,7982,7699,7771,2548508,0
2016-10-19,7880,8006,7834,7927,1267611,0
2016-10-18,7754,7888,7707,7848,1649186,0
2016-10-17,7692,7825,7542,7653,609081,0
2016-10-16,7824,7848,7644,7700,1029079,0
2016-10-15,7771,7849,7629,7701,406113,0
2016-10-10,7683,7848,7682,7848,587929,0
2016-10-09,7668,7810,7456,7810,374249,0
2016-10-08,7692,7692,7545,7671,201885,0
2016-10-05,7935,8005,7692,7698,463366,0
2016-10-04,7927,8209,7927,8005,683132,0
2016-10-03,8008,8146,7927,8146,893763,0
2016-10-02,7848,8241,7654,8241,1386642,0
2016-10-01,7761,8085,7574,7957,1488510,0
2016-09-28,7574,7741,7574,7741,1018573,0
2016-09-27,7159,7526,7159,7526,882519,0
2016-09-26,7142,7212,7134,7182,501328,0
2016-09-25,7113,7251,7113,7142,794151,0
2016-09-24,7141,7254,7092,7096,407781,0
2016-09-21,7125,7125,7064,7083,753190,0
2016-09-19,7100,7142,7088,7115,270263,0
2016-09-18,7142,7142,7091,7115,336958,0
2016-09-17,7186,7291,7087,7088,266579,0
2016-09-14,7113,7369,7113,7191,254883,0
2016-09-13,7087,7298,7087,7142,832683,0
2016-09-11,7393,7408,7285,7322,422649,0
2016-09-10,7456,7456,7393,7405,369812,0
2016-09-07,7615,7621,7457,7473,347529,0
2016-09-06,7692,7762,7613,7649,320944,0
2016-09-05,7654,7692,7653,7688,256193,0
2016-09-04,7825,7848,7653,7731,541114,0
2016-09-03,7966,7997,7630,7848,465810,0
2016-08-31,7969,8022,7918,7927,492422,0
2016-08-30,8007,8164,7951,7966,470382,0
2016-08-29,8350,8555,8350,8555,2568542,0
2016-08-28,8633,8911,8632,8754,588345,0
2016-08-27,8328,8590,8319,8547,114273,0
2016-08-24,8286,8710,8286,8356,50207,0
2016-08-23,8665,8945,8337,8672,190627,0
2016-08-22,8399,8738,8399,8634,421996,0
2016-08-21,7966,8384,7966,8384,251724,0
2016-08-20,8021,8085,7927,8084,77399,0
2016-08-17,8084,8162,8028,8124,53155,0
2016-08-16,8099,8233,8085,8085,43741,0
2016-08-15,8124,8260,8091,8099,45200,0
2016-08-14,8085,8202,8085,8087,68946,0
2016-08-13,8112,8202,8085,8085,75359,0
2016-08-10,8436,8436,8084,8085,64662,0
2016-08-09,8475,8475,8176,8233,24872,0
2016-08-08,8554,8554,8241,8356,85847,0
2016-08-07,8403,8553,8398,8399,52568,0
2016-08-06,8351,8628,8351,8547,73442,0
2016-08-03,8595,8609,8459,8609,51878,0
2016-08-02,8264,8609,8264,8470,62444,0
2016-08-01,8335,8477,8260,8266,28530,0
2016-07-31,8437,8477,8256,8435,24874,0
2016-07-27,8445,8499,8437,8437,48178,0
2016-07-26,8500,8500,8241,8374,57389,0
2016-07-25,8634,8634,8478,8502,96376,0
2016-07-24,8774,8844,8672,8699,137666,0
2016-07-23,8764,8982,8764,8792,325782,0
2016-07-20,8382,8681,8382,8681,217789,0
2016-07-19,7935,8381,7935,8381,218328,0
2016-07-18,7927,8080,7927,7944,53540,0
2016-07-17,7927,8159,7927,7932,130536,0
2016-07-16,8006,8006,7889,7898,73565,0
2016-07-13,8006,8044,7848,7927,178656,0
2016-07-12,8477,8477,8079,8079,127950,0
2016-07-11,8641,8641,8483,8499,156037,0
2016-07-10,8868,8868,8477,8555,166517,0
2016-07-09,9258,9258,8754,8790,235722,0
2016-07-05,9065,9418,8956,9159,744175,0
2016-06-14,8633,8646,8621,8646,1040409,0
2016-06-13,8635,8684,8621,8651,372886,0
2016-06-12,8691,8693,8627,8633,606558,0
2016-06-11,8708,8738,8679,8681,256668,0
2016-06-08,8738,8738,8697,8704,374555,0
2016-06-07,8750,8762,8646,8715,211244,0
2016-06-06,8739,8768,8704,8738,132812,0
2016-06-05,8796,8796,8739,8764,154197,0
2016-06-01,8780,8780,8735,8768,234680,0
2016-05-31,8961,8961,8749,8750,82728,0
2016-05-30,8982,8995,8866,8925,429146,0
2016-05-29,8937,8955,8750,8774,702538,0
2016-05-28,8726,9193,8726,8808,470071,0
2016-05-25,8755,8774,8726,8758,187942,0
2016-05-24,8796,8808,8555,8778,493448,0
2016-05-23,8734,8796,8697,8784,606462,0
2016-05-21,8734,8735,8705,8734,225402,0
2016-05-18,8738,8738,8726,8736,278661,0
2016-05-17,8715,8738,8715,8734,261791,0
2016-05-16,8738,8738,8722,8738,218898,0
2016-05-15,8738,8748,8696,8732,362877,0
2016-05-14,8774,8774,8722,8738,193912,0
2016-05-11,8780,8783,8780,8780,829892,0
2016-05-10,8694,8789,8694,8780,738281,0
2016-05-09,8780,8833,8780,8780,352450,0
2016-05-08,8762,8784,8755,8774,558177,0
2016-05-07,8697,8807,8697,8774,662662,0
2016-05-04,8808,8813,8734,8750,336859,0
2016-05-03,8808,8825,8726,8808,380290,0
2016-05-02,8833,8924,8833,8837,568042,0
2016-05-01,8866,8912,8744,8744,286714,0
2016-04-30,8774,9096,8750,8867,381095,0
2016-04-27,9088,9088,8820,8833,354604,0
2016-04-26,9064,9275,8995,9060,744231,0
2016-04-25,8911,8942,8868,8902,381796,0
2016-04-24,8763,8919,8750,8878,345714,0
2016-04-23,8766,8766,8750,8758,383626,0
2016-04-20,8750,8843,8732,8750,410916,0
2016-04-19,8808,8866,8727,8751,431583,0
2016-04-18,8773,8983,8750,8784,406217,0
2016-04-17,8751,8815,8693,8763,571803,0
2016-04-16,8991,9041,8750,8752,1060939,0
2016-04-13,9041,9041,8925,8983,871844,0
2016-04-12,9007,9216,9000,9041,540473,0
2016-04-11,9007,9063,8981,8995,345206,0
2016-04-10,9320,9320,9012,9020,420236,0
2016-04-09,9231,9332,9205,9310,1208819,0
2016-04-06,9216,9357,9123,9139,1045270,0
2016-04-05,8872,9111,8830,9100,1224593,0
2016-04-04,8921,9135,8833,8842,770070,0
2016-04-03,8983,9007,8819,8918,1030896,0
2016-04-02,9173,9173,8931,9012,1044391,0
2016-03-30,9088,9235,9082,9216,1333892,0
2016-03-29,9206,9226,8866,9065,1533429,0
2016-03-28,9100,9333,9088,9216,1118421,0
2016-03-27,9403,9403,9069,9170,2308212,0
2016-03-26,9566,9566,9347,9443,2252836,0
2016-03-16,9519,9519,9216,9519,13260122,0
2016-03-15,9065,9065,9065,9065,51061,0
