TICKER,PER,Date,TIME,Open,High,Low,Close,Total Trade Quantity,Turnover (Lacs)
ddam-D1,D1,20110508,000000,216,216,216,216,1000,0
ddam-D1,D1,20110509,000000,214,214,210,212,7752,0
ddam-D1,D1,20110510,000000,213,214,213,213,11010,0
ddam-D1,D1,20110511,000000,208,214,208,208,18688,0
ddam-D1,D1,20110514,000000,214,214,214,214,309,0
ddam-D1,D1,20110515,000000,214,214,207,210,12699,0
ddam-D1,D1,20110516,000000,209,211,209,209,2762,0
ddam-D1,D1,20110524,000000,202,202,202,202,4450,0
ddam-D1,D1,20110528,000000,204,204,201,201,35392,0
ddam-D1,D1,20110529,000000,194,195,194,195,13500,0
ddam-D1,D1,20110530,000000,190,192,190,190,12540,0
ddam-D1,D1,20110601,000000,194,194,194,194,4000,0
ddam-D1,D1,20110606,000000,197,197,197,197,10000,0
ddam-D1,D1,20110607,000000,204,204,203,203,3560,0
ddam-D1,D1,20110608,000000,204,205,202,202,47631,0
ddam-D1,D1,20110611,000000,196,196,196,196,25535,0
ddam-D1,D1,20110612,000000,190,192,190,191,5620,0
ddam-D1,D1,20110613,000000,192,192,187,192,95917,0
ddam-D1,D1,20110614,000000,192,194,190,190,5650,0
ddam-D1,D1,20110615,000000,194,194,194,194,32602,0
ddam-D1,D1,20110618,000000,200,200,200,200,1108,0
ddam-D1,D1,20110619,000000,199,200,198,200,7895,0
ddam-D1,D1,20110621,000000,194,194,194,194,35000,0
ddam-D1,D1,20110622,000000,196,196,196,196,4000,0
ddam-D1,D1,20110625,000000,200,200,199,200,25095,0
ddam-D1,D1,20110626,000000,202,202,199,199,2708,0
ddam-D1,D1,20110627,000000,197,197,192,192,26638,0
ddam-D1,D1,20110629,000000,192,192,192,192,471,0
ddam-D1,D1,20110703,000000,197,197,197,197,1521,0
ddam-D1,D1,20110704,000000,197,198,197,198,4964,0
ddam-D1,D1,20110705,000000,202,202,202,202,50,0
ddam-D1,D1,20110706,000000,197,197,197,197,4985,0
ddam-D1,D1,20110709,000000,198,199,198,199,552,0
ddam-D1,D1,20110711,000000,197,199,197,199,5311,0
ddam-D1,D1,20110712,000000,192,198,192,197,3617,0
ddam-D1,D1,20110713,000000,190,193,190,193,1419,0
ddam-D1,D1,20110716,000000,188,188,188,188,21609,0
ddam-D1,D1,20110718,000000,182,183,182,182,32180,0
ddam-D1,D1,20110719,000000,182,182,182,182,6200,0
ddam-D1,D1,20110720,000000,183,183,183,183,7292,0
ddam-D1,D1,20110723,000000,181,181,179,181,9296,0
ddam-D1,D1,20110724,000000,187,187,186,187,20438,0
ddam-D1,D1,20110725,000000,186,186,179,179,1604,0
ddam-D1,D1,20110726,000000,186,186,186,186,200,0
ddam-D1,D1,20110727,000000,184,184,179,179,10456,0
ddam-D1,D1,20110730,000000,186,186,183,183,2200,0
ddam-D1,D1,20110801,000000,181,181,179,179,6700,0
ddam-D1,D1,20110802,000000,187,187,179,179,6900,0
ddam-D1,D1,20110803,000000,179,181,179,179,3777,0
ddam-D1,D1,20110806,000000,180,180,179,180,7570,0
ddam-D1,D1,20110807,000000,179,179,179,179,555,0
ddam-D1,D1,20110808,000000,176,176,176,176,9000,0
ddam-D1,D1,20110809,000000,176,176,176,176,10430,0
ddam-D1,D1,20110810,000000,176,176,176,176,9425,0
ddam-D1,D1,20110815,000000,173,173,171,171,4500,0
ddam-D1,D1,20110820,000000,173,175,173,175,9855,0
ddam-D1,D1,20110821,000000,177,177,176,176,3984,0
ddam-D1,D1,20110823,000000,176,179,176,179,28056,0
ddam-D1,D1,20110827,000000,176,177,176,176,8650,0
ddam-D1,D1,20110828,000000,175,177,175,177,17100,0
ddam-D1,D1,20110829,000000,175,176,175,175,4600,0
ddam-D1,D1,20110830,000000,175,176,175,176,3500,0
ddam-D1,D1,20110903,000000,176,176,176,176,211,0
ddam-D1,D1,20110904,000000,177,179,177,179,21510,0
ddam-D1,D1,20110905,000000,179,185,179,185,11000,0
ddam-D1,D1,20110906,000000,187,187,187,187,10683,0
ddam-D1,D1,20110907,000000,190,190,190,190,75221,0
ddam-D1,D1,20110910,000000,198,198,198,198,40438,0
ddam-D1,D1,20110911,000000,206,206,206,206,7000,0
ddam-D1,D1,20110912,000000,208,208,208,208,2000,0
ddam-D1,D1,20110913,000000,208,208,208,208,462,0
ddam-D1,D1,20110914,000000,208,208,208,208,1216,0
ddam-D1,D1,20110917,000000,217,226,209,213,143252,0
ddam-D1,D1,20110918,000000,225,225,211,211,16108,0
ddam-D1,D1,20110919,000000,210,210,210,210,66596,0
ddam-D1,D1,20110920,000000,201,205,201,205,4693,0
ddam-D1,D1,20110921,000000,201,204,201,204,9008,0
ddam-D1,D1,20110925,000000,198,199,198,199,17328,0
ddam-D1,D1,20110926,000000,196,196,196,196,2000,0
ddam-D1,D1,20110927,000000,204,204,204,204,2000,0
ddam-D1,D1,20111001,000000,207,207,207,207,1600,0
ddam-D1,D1,20111002,000000,204,204,202,202,13125,0
ddam-D1,D1,20111003,000000,198,198,198,198,5200,0
ddam-D1,D1,20111004,000000,194,196,194,194,68973,0
ddam-D1,D1,20111005,000000,187,188,187,188,10169,0
ddam-D1,D1,20111008,000000,187,192,187,192,1952,0
ddam-D1,D1,20111009,000000,192,192,192,192,7015,0
ddam-D1,D1,20111011,000000,194,194,190,190,7130,0
ddam-D1,D1,20111012,000000,193,193,187,187,880,0
ddam-D1,D1,20111015,000000,190,190,190,190,1500,0
ddam-D1,D1,20111016,000000,191,191,191,191,3555,0
ddam-D1,D1,20111018,000000,191,191,191,191,722,0
ddam-D1,D1,20111019,000000,191,191,191,191,2000,0
ddam-D1,D1,20111022,000000,192,192,192,192,10200,0
ddam-D1,D1,20111024,000000,192,192,192,192,100,0
ddam-D1,D1,20111025,000000,193,193,192,192,4000,0
ddam-D1,D1,20111026,000000,193,193,193,193,250,0
ddam-D1,D1,20111029,000000,193,193,193,193,900,0
ddam-D1,D1,20111030,000000,193,198,193,198,13100,0
ddam-D1,D1,20111102,000000,198,198,198,198,95,0
ddam-D1,D1,20111106,000000,188,190,188,188,1501,0
ddam-D1,D1,20111108,000000,194,194,186,186,3755,0
ddam-D1,D1,20111113,000000,188,188,185,185,9770,0
ddam-D1,D1,20111116,000000,187,187,187,187,830,0
ddam-D1,D1,20111119,000000,190,190,190,190,841,0
ddam-D1,D1,20111120,000000,190,193,190,190,100,0
ddam-D1,D1,20111121,000000,193,197,193,197,1090,0
ddam-D1,D1,20111123,000000,188,190,188,190,634,0
ddam-D1,D1,20111126,000000,187,187,183,185,2841,0
ddam-D1,D1,20111127,000000,183,183,183,183,2351,0
ddam-D1,D1,20111128,000000,182,182,182,182,23723,0
ddam-D1,D1,20111203,000000,188,190,188,190,1108,0
ddam-D1,D1,20111204,000000,188,189,188,189,2911,0
ddam-D1,D1,20111207,000000,192,192,190,190,11400,0
ddam-D1,D1,20111210,000000,194,194,194,194,15325,0
ddam-D1,D1,20111211,000000,199,199,190,199,3761,0
ddam-D1,D1,20111212,000000,200,200,200,200,15000,0
ddam-D1,D1,20111213,000000,204,204,201,201,71476,0
ddam-D1,D1,20111214,000000,200,200,196,196,14325,0
ddam-D1,D1,20111218,000000,196,196,196,196,642,0
ddam-D1,D1,20111219,000000,192,192,192,192,7000,0
ddam-D1,D1,20111220,000000,190,191,190,190,14073,0
ddam-D1,D1,20111224,000000,190,190,190,190,716,0
ddam-D1,D1,20111225,000000,192,192,186,186,11633,0
ddam-D1,D1,20111226,000000,187,187,187,187,650,0
ddam-D1,D1,20111227,000000,183,183,183,183,3000,0
ddam-D1,D1,20111228,000000,183,183,182,182,5000,0
ddam-D1,D1,20111231,000000,182,183,182,183,2136,0
ddam-D1,D1,20120101,000000,185,185,185,185,150,0
ddam-D1,D1,20120102,000000,183,187,183,187,6025,0
ddam-D1,D1,20120103,000000,183,185,183,184,11596,0
ddam-D1,D1,20120104,000000,188,188,188,188,1000,0
ddam-D1,D1,20120107,000000,183,183,181,183,17001,0
ddam-D1,D1,20120109,000000,188,191,188,191,1044,0
ddam-D1,D1,20120110,000000,185,190,185,185,3596,0
ddam-D1,D1,20120111,000000,183,183,183,183,1250,0
ddam-D1,D1,20120115,000000,188,188,183,183,3879,0
ddam-D1,D1,20120116,000000,183,183,182,182,1816,0
ddam-D1,D1,20120118,000000,187,187,181,181,1489,0
ddam-D1,D1,20120121,000000,181,181,181,181,252,0
ddam-D1,D1,20120123,000000,181,181,181,181,12760,0
ddam-D1,D1,20120125,000000,179,179,179,179,4405,0
ddam-D1,D1,20120128,000000,189,189,189,189,3480,0
ddam-D1,D1,20120129,000000,183,183,183,183,208,0
ddam-D1,D1,20120130,000000,184,184,179,179,3945,0
ddam-D1,D1,20120204,000000,183,183,177,177,2789,0
ddam-D1,D1,20120205,000000,176,176,176,176,4681,0
ddam-D1,D1,20120206,000000,185,185,175,175,1054,0
ddam-D1,D1,20120207,000000,182,182,182,182,2300,0
ddam-D1,D1,20120215,000000,176,176,174,174,15465,0
ddam-D1,D1,20120218,000000,171,171,171,171,6800,0
ddam-D1,D1,20120219,000000,169,169,169,169,3342,0
ddam-D1,D1,20120220,000000,179,182,179,182,5599,0
ddam-D1,D1,20120221,000000,184,184,184,184,46332,0
ddam-D1,D1,20120222,000000,185,189,185,189,6396,0
ddam-D1,D1,20120225,000000,190,190,190,190,100,0
ddam-D1,D1,20120227,000000,177,177,177,177,9000,0
ddam-D1,D1,20120228,000000,178,178,178,178,643,0
ddam-D1,D1,20120229,000000,178,178,178,178,1200,0
ddam-D1,D1,20120303,000000,185,185,178,178,23039,0
ddam-D1,D1,20120304,000000,178,178,178,178,2911,0
ddam-D1,D1,20120305,000000,178,178,175,175,4985,0
ddam-D1,D1,20120307,000000,187,187,186,187,4590,0
ddam-D1,D1,20120310,000000,189,189,189,189,35500,0
ddam-D1,D1,20120311,000000,182,182,182,182,600,0
ddam-D1,D1,20120312,000000,190,190,190,190,40891,0
ddam-D1,D1,20120317,000000,184,186,184,186,8420,0
ddam-D1,D1,20120328,000000,186,186,186,186,500,0
ddam-D1,D1,20120403,000000,181,181,181,181,252,0
ddam-D1,D1,20120408,000000,188,195,188,195,4438,0
ddam-D1,D1,20120409,000000,190,195,190,195,5050,0
ddam-D1,D1,20120410,000000,195,195,195,195,2160,0
ddam-D1,D1,20120411,000000,188,188,188,188,17866,0
ddam-D1,D1,20120414,000000,188,188,188,188,2400,0
ddam-D1,D1,20120415,000000,187,187,187,187,205,0
ddam-D1,D1,20120417,000000,188,188,188,188,1000,0
ddam-D1,D1,20120421,000000,195,196,195,196,6805,0
ddam-D1,D1,20120422,000000,188,188,188,188,3,0
ddam-D1,D1,20120423,000000,190,190,190,190,1000,0
ddam-D1,D1,20120430,000000,190,198,190,198,7795,0
ddam-D1,D1,20120501,000000,199,200,199,200,1940,0
ddam-D1,D1,20120502,000000,190,190,190,190,500,0
ddam-D1,D1,20120505,000000,194,194,194,194,1500,0
ddam-D1,D1,20120506,000000,194,198,194,198,1855,0
ddam-D1,D1,20120507,000000,200,200,199,200,9607,0
ddam-D1,D1,20120508,000000,198,198,195,195,1620,0
ddam-D1,D1,20120509,000000,198,203,198,203,1671,0
ddam-D1,D1,20120512,000000,204,204,203,204,8448,0
ddam-D1,D1,20120513,000000,206,206,206,206,4010,0
ddam-D1,D1,20120514,000000,207,207,207,207,17030,0
ddam-D1,D1,20120515,000000,200,207,200,207,2800,0
ddam-D1,D1,20120522,000000,212,212,212,212,100,0
ddam-D1,D1,20120523,000000,212,212,212,212,434,0
ddam-D1,D1,20120526,000000,212,212,212,212,480,0
ddam-D1,D1,20120527,000000,212,212,212,212,100,0
ddam-D1,D1,20120528,000000,212,212,212,212,25588,0
ddam-D1,D1,20120529,000000,220,220,220,220,16500,0
ddam-D1,D1,20120602,000000,225,225,225,225,4056,0
ddam-D1,D1,20120609,000000,224,224,224,224,2500,0
ddam-D1,D1,20120610,000000,209,209,209,209,269,0
ddam-D1,D1,20120611,000000,209,209,209,209,10593,0
ddam-D1,D1,20120616,000000,206,206,206,206,2007,0
ddam-D1,D1,20120624,000000,206,214,206,206,7097,0
ddam-D1,D1,20120625,000000,204,204,204,204,900,0
ddam-D1,D1,20120626,000000,203,211,203,203,32796,0
ddam-D1,D1,20120627,000000,198,198,198,198,4145,0
ddam-D1,D1,20120702,000000,211,211,211,211,602,0
ddam-D1,D1,20120703,000000,210,210,208,208,5474,0
ddam-D1,D1,20120704,000000,210,210,208,208,11922,0
ddam-D1,D1,20120707,000000,210,210,210,210,176,0
ddam-D1,D1,20120711,000000,199,199,199,199,1500,0
ddam-D1,D1,20120714,000000,206,206,206,206,2000,0
ddam-D1,D1,20120715,000000,203,203,203,203,2075,0
ddam-D1,D1,20120716,000000,201,201,201,201,45,0
ddam-D1,D1,20120717,000000,205,205,205,205,33000,0
ddam-D1,D1,20120718,000000,203,203,203,203,6000,0
ddam-D1,D1,20120721,000000,198,203,198,203,2512,0
ddam-D1,D1,20120722,000000,205,205,203,203,3533,0
ddam-D1,D1,20120723,000000,203,203,203,203,17565,0
ddam-D1,D1,20120725,000000,198,198,198,198,796,0
ddam-D1,D1,20120728,000000,199,199,199,199,3589,0
ddam-D1,D1,20120729,000000,201,201,198,201,1500,0
ddam-D1,D1,20120731,000000,202,202,202,202,100,0
ddam-D1,D1,20120804,000000,202,202,201,201,4919,0
ddam-D1,D1,20120805,000000,194,195,194,195,13245,0
ddam-D1,D1,20120806,000000,198,207,198,207,2212,0
ddam-D1,D1,20120812,000000,192,192,192,192,5389,0
ddam-D1,D1,20120903,000000,190,190,190,190,4963,0
ddam-D1,D1,20120905,000000,189,189,188,188,14963,0
ddam-D1,D1,20120909,000000,185,185,185,185,230,0
ddam-D1,D1,20120910,000000,185,185,185,185,1000,0
ddam-D1,D1,20120911,000000,200,200,200,200,1414,0
ddam-D1,D1,20120915,000000,200,200,191,191,2310,0
ddam-D1,D1,20120917,000000,185,200,185,200,25497,0
ddam-D1,D1,20120919,000000,191,191,191,191,7461,0
ddam-D1,D1,20120922,000000,189,189,189,189,1661,0
ddam-D1,D1,20120923,000000,189,189,189,189,4500,0
ddam-D1,D1,20120924,000000,196,196,196,196,5000,0
ddam-D1,D1,20120925,000000,196,196,196,196,5744,0
ddam-D1,D1,20120926,000000,198,201,198,201,13664,0
ddam-D1,D1,20120930,000000,206,206,206,206,19095,0
ddam-D1,D1,20121002,000000,211,211,211,211,23246,0
ddam-D1,D1,20121003,000000,218,218,218,218,28813,0
ddam-D1,D1,20121007,000000,226,226,226,226,14684,0
ddam-D1,D1,20121008,000000,231,231,231,231,28320,0
ddam-D1,D1,20121009,000000,240,240,240,240,28520,0
ddam-D1,D1,20121010,000000,250,250,250,250,28322,0
ddam-D1,D1,20121013,000000,260,260,260,260,33610,0
ddam-D1,D1,20121014,000000,271,271,260,267,43661,0
ddam-D1,D1,20121015,000000,270,270,256,256,11620,0
ddam-D1,D1,20121016,000000,275,275,275,275,85247,0
ddam-D1,D1,20121017,000000,286,286,277,280,136209,0
ddam-D1,D1,20121020,000000,280,280,274,274,5849,0
ddam-D1,D1,20121021,000000,272,272,272,272,20,0
ddam-D1,D1,20121022,000000,272,272,272,272,100,0
ddam-D1,D1,20121023,000000,272,272,272,272,420,0
ddam-D1,D1,20121028,000000,271,271,271,271,200000,0
ddam-D1,D1,20121029,000000,270,270,261,261,3511,0
ddam-D1,D1,20121119,000000,259,259,259,259,10,0
ddam-D1,D1,20121121,000000,259,259,259,259,156034,0
ddam-D1,D1,20121127,000000,249,249,249,249,2000,0
ddam-D1,D1,20121128,000000,269,269,248,248,1921,0
ddam-D1,D1,20121202,000000,248,249,248,249,1508,0
ddam-D1,D1,20121203,000000,254,259,254,259,10486,0
ddam-D1,D1,20121205,000000,248,248,248,248,700,0
ddam-D1,D1,20121208,000000,247,247,247,247,600,0
ddam-D1,D1,20121219,000000,247,247,247,247,660,0
ddam-D1,D1,20121223,000000,247,247,247,247,16215,0
ddam-D1,D1,20121225,000000,242,242,241,241,1700,0
ddam-D1,D1,20121226,000000,241,241,241,241,1293,0
ddam-D1,D1,20130101,000000,240,240,240,240,80,0
ddam-D1,D1,20130102,000000,240,240,240,240,4160,0
ddam-D1,D1,20130108,000000,239,239,239,239,7762,0
ddam-D1,D1,20130109,000000,236,236,236,236,750,0
ddam-D1,D1,20130119,000000,252,252,242,242,8600,0
ddam-D1,D1,20130120,000000,252,257,250,250,4138,0
ddam-D1,D1,20130121,000000,238,253,238,253,9500,0
ddam-D1,D1,20130122,000000,249,258,242,254,5946,0
ddam-D1,D1,20130123,000000,258,258,242,242,700,0
ddam-D1,D1,20130126,000000,252,252,252,252,2,0
ddam-D1,D1,20130202,000000,240,240,240,240,2,0
ddam-D1,D1,20130204,000000,240,240,240,240,2,0
ddam-D1,D1,20130209,000000,240,240,240,240,16819,0
ddam-D1,D1,20130211,000000,234,234,234,234,11645,0
ddam-D1,D1,20130212,000000,231,231,231,231,20024,0
ddam-D1,D1,20130216,000000,225,225,225,225,1000,0
ddam-D1,D1,20130217,000000,228,228,228,228,3910,0
ddam-D1,D1,20130224,000000,223,223,223,223,4904,0
ddam-D1,D1,20130225,000000,229,229,229,229,1000,0
ddam-D1,D1,20130226,000000,223,223,222,222,10231,0
ddam-D1,D1,20130227,000000,222,234,222,234,1752,0
ddam-D1,D1,20130302,000000,223,223,223,223,90,0
ddam-D1,D1,20130303,000000,223,223,223,223,95,0
ddam-D1,D1,20130304,000000,233,235,233,235,5163,0
ddam-D1,D1,20130305,000000,226,233,226,233,4040,0
ddam-D1,D1,20130306,000000,233,235,233,235,6000,0
ddam-D1,D1,20130312,000000,240,240,240,240,130,0
ddam-D1,D1,20130313,000000,240,240,229,229,202,0
ddam-D1,D1,20130316,000000,239,239,239,239,1000,0
ddam-D1,D1,20130326,000000,240,240,235,235,523,0
ddam-D1,D1,20130327,000000,239,239,239,239,275,0
ddam-D1,D1,20130330,000000,239,240,239,240,10672,0
ddam-D1,D1,20130331,000000,239,240,239,239,2600,0
ddam-D1,D1,20130403,000000,239,239,239,239,1000,0
ddam-D1,D1,20130407,000000,235,235,226,226,2500,0
ddam-D1,D1,20130408,000000,235,235,235,235,8883,0
ddam-D1,D1,20130410,000000,244,244,244,244,22605,0
ddam-D1,D1,20130413,000000,252,252,252,252,28150,0
ddam-D1,D1,20130415,000000,262,262,262,262,1000,0
ddam-D1,D1,20130416,000000,262,262,262,262,34730,0
ddam-D1,D1,20130417,000000,273,273,265,265,3470,0
ddam-D1,D1,20130420,000000,263,263,262,262,11000,0
ddam-D1,D1,20130423,000000,292,292,281,281,69871,0
ddam-D1,D1,20130424,000000,292,297,275,292,73722,0
ddam-D1,D1,20130427,000000,293,303,288,288,36901,0
ddam-D1,D1,20130428,000000,294,294,288,291,2294,0
ddam-D1,D1,20130429,000000,295,295,283,283,24227,0
ddam-D1,D1,20130430,000000,274,274,274,274,500,0
ddam-D1,D1,20130501,000000,273,273,273,273,4200,0
ddam-D1,D1,20130504,000000,272,272,272,272,4001,0
ddam-D1,D1,20130505,000000,270,270,270,270,11795,0
ddam-D1,D1,20130506,000000,288,288,288,288,11352,0
ddam-D1,D1,20130507,000000,292,292,291,292,41890,0
ddam-D1,D1,20130508,000000,303,303,301,303,5682,0
ddam-D1,D1,20130511,000000,306,306,306,306,24922,0
ddam-D1,D1,20130512,000000,292,317,292,317,12796,0
ddam-D1,D1,20130513,000000,319,319,319,319,35183,0
ddam-D1,D1,20130514,000000,319,332,306,329,27954,0
ddam-D1,D1,20130515,000000,312,336,312,330,35400,0
ddam-D1,D1,20130518,000000,349,349,330,349,26949,0
ddam-D1,D1,20130519,000000,359,359,355,359,33744,0
ddam-D1,D1,20130520,000000,361,373,344,355,60105,0
ddam-D1,D1,20130528,000000,376,376,376,376,1446,0
ddam-D1,D1,20130529,000000,377,377,377,377,28320,0
ddam-D1,D1,20130601,000000,392,392,392,392,28320,0
ddam-D1,D1,20130602,000000,408,408,408,408,85766,0
ddam-D1,D1,20130603,000000,424,424,424,424,42236,0
ddam-D1,D1,20130608,000000,441,441,441,441,31430,0
ddam-D1,D1,20130609,000000,459,459,441,459,51836,0
ddam-D1,D1,20130610,000000,474,474,441,441,18172,0
ddam-D1,D1,20130611,000000,470,470,447,470,700,0
ddam-D1,D1,20130612,000000,447,447,446,447,4923,0
ddam-D1,D1,20130615,000000,453,453,453,453,1,0
ddam-D1,D1,20130616,000000,453,453,443,443,332,0
ddam-D1,D1,20130617,000000,443,443,442,442,969,0
ddam-D1,D1,20130622,000000,442,460,442,442,47664,0
ddam-D1,D1,20130623,000000,429,441,426,426,31461,0
ddam-D1,D1,20130625,000000,409,423,409,414,77973,0
ddam-D1,D1,20130626,000000,414,430,413,430,73238,0
ddam-D1,D1,20130629,000000,440,440,440,440,56040,0
ddam-D1,D1,20130630,000000,457,458,457,458,33330,0
ddam-D1,D1,20130701,000000,476,476,468,472,20294,0
ddam-D1,D1,20130702,000000,485,485,457,478,19244,0
ddam-D1,D1,20130703,000000,492,492,492,492,29789,0
ddam-D1,D1,20130706,000000,511,511,511,511,28320,0
ddam-D1,D1,20130707,000000,532,532,532,532,30155,0
ddam-D1,D1,20130708,000000,553,553,553,553,28320,0
ddam-D1,D1,20130709,000000,575,575,531,543,114435,0
ddam-D1,D1,20130710,000000,524,556,524,524,21133,0
ddam-D1,D1,20130714,000000,510,510,510,510,102,0
ddam-D1,D1,20130715,000000,510,510,510,510,91843,0
ddam-D1,D1,20130716,000000,489,530,489,530,111941,0
ddam-D1,D1,20130717,000000,521,521,521,521,28331,0
ddam-D1,D1,20130720,000000,542,542,521,521,77645,0
ddam-D1,D1,20130721,000000,520,520,520,520,6233,0
ddam-D1,D1,20130723,000000,515,525,515,519,39497,0
ddam-D1,D1,20130727,000000,495,495,495,495,6910,0
ddam-D1,D1,20130728,000000,494,494,490,490,5108,0
ddam-D1,D1,20130729,000000,487,487,487,487,10328,0
ddam-D1,D1,20130731,000000,487,487,480,480,8336,0
ddam-D1,D1,20130803,000000,477,477,476,476,5613,0
ddam-D1,D1,20130804,000000,476,511,473,511,23372,0
ddam-D1,D1,20130805,000000,514,514,514,514,50549,0
ddam-D1,D1,20130806,000000,496,534,496,512,3530,0
ddam-D1,D1,20130807,000000,519,519,494,494,18697,0
ddam-D1,D1,20130811,000000,486,488,486,486,5267,0
ddam-D1,D1,20130812,000000,483,511,483,483,43596,0
ddam-D1,D1,20130813,000000,497,514,497,514,28320,0
ddam-D1,D1,20130814,000000,532,532,532,532,28320,0
ddam-D1,D1,20130817,000000,554,554,554,554,98859,0
ddam-D1,D1,20130818,000000,573,573,532,532,28821,0
ddam-D1,D1,20130819,000000,540,549,517,517,10353,0
ddam-D1,D1,20130820,000000,534,537,516,516,12522,0
ddam-D1,D1,20130821,000000,512,513,512,512,101561,0
ddam-D1,D1,20130824,000000,533,533,533,533,3765,0
ddam-D1,D1,20130825,000000,536,536,536,536,6300,0
ddam-D1,D1,20130826,000000,541,541,541,541,49189,0
ddam-D1,D1,20130827,000000,562,562,543,543,51501,0
ddam-D1,D1,20130828,000000,538,543,537,537,30536,0
ddam-D1,D1,20130831,000000,519,534,518,534,40326,0
ddam-D1,D1,20130901,000000,541,541,500,541,14117,0
ddam-D1,D1,20130903,000000,505,525,505,506,20861,0
ddam-D1,D1,20130904,000000,500,500,496,496,12950,0
ddam-D1,D1,20130907,000000,488,488,488,488,7181,0
ddam-D1,D1,20130908,000000,523,523,512,523,110106,0
ddam-D1,D1,20130909,000000,544,544,544,544,30127,0
ddam-D1,D1,20130910,000000,565,565,565,565,41086,0
ddam-D1,D1,20130911,000000,588,588,588,588,99657,0
ddam-D1,D1,20130914,000000,612,612,612,612,55169,0
ddam-D1,D1,20130915,000000,636,636,636,636,61156,0
ddam-D1,D1,20130916,000000,662,662,644,662,304085,0
ddam-D1,D1,20130917,000000,673,673,634,638,149702,0
ddam-D1,D1,20130918,000000,635,674,622,664,199629,0
ddam-D1,D1,20130928,000000,712,712,684,684,49917,0
ddam-D1,D1,20130929,000000,680,681,661,661,41917,0
ddam-D1,D1,20130930,000000,644,644,644,644,13009,0
ddam-D1,D1,20131001,000000,638,638,638,638,55270,0
ddam-D1,D1,20131002,000000,644,664,644,664,80164,0
ddam-D1,D1,20131005,000000,689,689,689,689,89716,0
ddam-D1,D1,20131006,000000,717,717,717,717,91073,0
ddam-D1,D1,20131007,000000,746,746,746,746,78359,0
ddam-D1,D1,20131008,000000,766,766,716,716,153273,0
ddam-D1,D1,20131009,000000,704,724,702,702,69993,0
ddam-D1,D1,20131012,000000,723,732,681,732,123764,0
ddam-D1,D1,20131013,000000,754,756,732,756,78575,0
ddam-D1,D1,20131014,000000,760,760,742,748,37542,0
ddam-D1,D1,20131015,000000,759,759,716,724,52304,0
ddam-D1,D1,20131019,000000,713,713,713,713,19380,0
ddam-D1,D1,20131020,000000,703,703,703,703,5298,0
ddam-D1,D1,20131021,000000,700,700,700,700,2092,0
ddam-D1,D1,20131022,000000,699,736,699,717,148867,0
ddam-D1,D1,20131023,000000,684,699,684,684,13664,0
ddam-D1,D1,20131026,000000,723,723,679,679,21544,0
ddam-D1,D1,20131027,000000,671,671,671,671,2986,0
ddam-D1,D1,20131028,000000,669,678,669,669,42002,0
ddam-D1,D1,20131029,000000,649,678,649,649,44413,0
ddam-D1,D1,20131030,000000,646,657,646,657,14931,0
ddam-D1,D1,20131102,000000,634,676,634,664,23284,0
ddam-D1,D1,20131103,000000,665,665,635,635,10262,0
ddam-D1,D1,20131104,000000,634,640,630,630,25495,0
ddam-D1,D1,20131105,000000,620,632,620,620,37082,0
ddam-D1,D1,20131106,000000,652,654,637,654,8148,0
ddam-D1,D1,20131109,000000,657,657,657,657,42207,0
ddam-D1,D1,20131110,000000,676,676,659,664,19026,0
ddam-D1,D1,20131111,000000,675,675,664,664,36897,0
ddam-D1,D1,20131112,000000,675,676,652,664,60220,0
ddam-D1,D1,20131116,000000,681,697,681,697,31594,0
ddam-D1,D1,20131117,000000,712,712,712,712,100968,0
ddam-D1,D1,20131118,000000,683,684,683,683,14160,0
ddam-D1,D1,20131119,000000,677,677,677,677,68995,0
ddam-D1,D1,20131120,000000,651,703,650,697,28105,0
ddam-D1,D1,20131123,000000,689,708,664,708,38491,0
ddam-D1,D1,20131124,000000,723,723,723,723,8937,0
ddam-D1,D1,20131125,000000,727,727,727,727,13833,0
ddam-D1,D1,20131126,000000,734,734,734,734,106175,0
ddam-D1,D1,20131127,000000,764,764,764,764,46774,0
ddam-D1,D1,20131130,000000,789,789,789,789,52683,0
ddam-D1,D1,20131201,000000,819,819,819,819,23948,0
ddam-D1,D1,20131202,000000,833,833,773,833,311560,0
ddam-D1,D1,20131203,000000,789,855,789,855,206665,0
ddam-D1,D1,20131204,000000,857,869,815,845,46568,0
ddam-D1,D1,20131207,000000,838,857,808,822,133509,0
ddam-D1,D1,20131208,000000,799,851,799,799,189772,0
ddam-D1,D1,20131209,000000,813,813,780,790,167012,0
ddam-D1,D1,20131210,000000,751,790,751,751,130523,0
ddam-D1,D1,20131211,000000,752,793,752,793,203548,0
ddam-D1,D1,20131214,000000,811,811,755,760,61748,0
ddam-D1,D1,20131215,000000,784,803,760,790,190831,0
ddam-D1,D1,20131216,000000,805,811,755,779,73032,0
ddam-D1,D1,20131217,000000,738,778,737,754,88741,0
ddam-D1,D1,20131218,000000,727,788,727,786,144401,0
ddam-D1,D1,20131221,000000,796,806,784,806,139373,0
ddam-D1,D1,20131222,000000,838,838,815,838,130331,0
ddam-D1,D1,20131224,000000,863,869,830,869,156933,0
ddam-D1,D1,20131225,000000,874,895,869,893,131196,0
ddam-D1,D1,20131228,000000,905,917,858,874,145449,0
ddam-D1,D1,20131229,000000,851,874,851,868,76282,0
ddam-D1,D1,20131230,000000,845,845,834,834,31167,0
ddam-D1,D1,20140101,000000,834,834,814,814,136255,0
ddam-D1,D1,20140104,000000,782,845,782,839,36050,0
ddam-D1,D1,20140105,000000,843,843,815,815,25952,0
ddam-D1,D1,20140106,000000,855,855,800,800,9596,0
ddam-D1,D1,20140107,000000,809,815,800,800,30817,0
ddam-D1,D1,20140108,000000,806,806,786,791,9511,0
ddam-D1,D1,20140111,000000,844,844,842,844,100671,0
ddam-D1,D1,20140112,000000,874,874,810,815,25793,0
ddam-D1,D1,20140113,000000,863,863,800,839,20932,0
ddam-D1,D1,20140114,000000,845,845,793,793,20547,0
ddam-D1,D1,20140115,000000,824,824,789,789,12383,0
ddam-D1,D1,20140118,000000,782,782,782,782,23914,0
ddam-D1,D1,20140120,000000,769,796,769,769,22260,0
ddam-D1,D1,20140121,000000,758,758,758,758,4174,0
ddam-D1,D1,20140122,000000,756,756,756,756,500,0
ddam-D1,D1,20140125,000000,755,755,755,755,630,0
ddam-D1,D1,20140127,000000,755,755,755,755,365,0
ddam-D1,D1,20140128,000000,755,755,755,755,7641,0
ddam-D1,D1,20140129,000000,751,751,751,751,900,0
ddam-D1,D1,20140201,000000,750,787,750,782,182639,0
ddam-D1,D1,20140202,000000,754,754,723,724,47551,0
ddam-D1,D1,20140203,000000,711,730,701,719,35478,0
ddam-D1,D1,20140204,000000,699,710,699,701,34738,0
ddam-D1,D1,20140205,000000,693,693,681,681,11046,0
ddam-D1,D1,20140208,000000,676,676,676,676,9090,0
ddam-D1,D1,20140209,000000,674,676,672,672,14562,0
ddam-D1,D1,20140210,000000,666,666,666,666,18620,0
ddam-D1,D1,20140212,000000,657,657,657,657,2882,0
ddam-D1,D1,20140215,000000,656,656,656,656,8373,0
ddam-D1,D1,20140216,000000,652,699,652,698,23432,0
ddam-D1,D1,20140217,000000,676,709,655,655,34620,0
ddam-D1,D1,20140218,000000,705,705,678,678,2669,0
ddam-D1,D1,20140225,000000,751,751,751,751,91878,0
ddam-D1,D1,20140226,000000,769,769,736,754,48080,0
ddam-D1,D1,20140301,000000,784,786,784,786,56888,0
ddam-D1,D1,20140302,000000,817,817,754,796,60027,0
ddam-D1,D1,20140303,000000,776,802,776,802,790,0
ddam-D1,D1,20140304,000000,776,841,776,800,58285,0
ddam-D1,D1,20140305,000000,781,826,778,784,21624,0
ddam-D1,D1,20140308,000000,784,784,768,768,10882,0
ddam-D1,D1,20140309,000000,762,762,762,762,13493,0
ddam-D1,D1,20140310,000000,755,755,755,755,300,0
ddam-D1,D1,20140311,000000,755,755,755,755,1200,0
ddam-D1,D1,20140312,000000,754,772,754,754,22734,0
ddam-D1,D1,20140315,000000,742,784,742,746,7269,0
ddam-D1,D1,20140316,000000,746,759,740,748,36070,0
ddam-D1,D1,20140317,000000,742,777,741,751,8941,0
ddam-D1,D1,20140318,000000,776,776,730,730,14401,0
ddam-D1,D1,20140319,000000,728,744,727,727,12475,0
ddam-D1,D1,20140325,000000,717,730,717,730,2510,0
ddam-D1,D1,20140326,000000,716,716,716,716,1308,0
ddam-D1,D1,20140329,000000,716,724,716,724,8617,0
ddam-D1,D1,20140330,000000,716,730,716,730,740,0
ddam-D1,D1,20140331,000000,770,771,736,736,5602,0
ddam-D1,D1,20140405,000000,754,766,750,765,10818,0
ddam-D1,D1,20140406,000000,742,756,716,724,17777,0
ddam-D1,D1,20140407,000000,716,738,716,716,3140,0
ddam-D1,D1,20140408,000000,757,757,708,710,24119,0
ddam-D1,D1,20140409,000000,724,724,698,700,6349,0
ddam-D1,D1,20140412,000000,695,695,695,695,5230,0
ddam-D1,D1,20140413,000000,692,692,692,692,2480,0
ddam-D1,D1,20140414,000000,691,691,691,691,600,0
ddam-D1,D1,20140415,000000,691,691,691,691,22554,0
ddam-D1,D1,20140416,000000,692,693,680,680,11263,0
ddam-D1,D1,20140419,000000,676,676,676,676,11117,0
ddam-D1,D1,20140420,000000,723,723,678,693,2200,0
ddam-D1,D1,20140421,000000,722,726,722,726,52746,0
ddam-D1,D1,20140422,000000,751,751,750,750,581,0
ddam-D1,D1,20140423,000000,694,727,694,727,3894,0
ddam-D1,D1,20140426,000000,724,724,718,724,54550,0
ddam-D1,D1,20140427,000000,703,703,694,694,55268,0
ddam-D1,D1,20140428,000000,705,705,676,676,19882,0
ddam-D1,D1,20140429,000000,667,681,667,667,38314,0
ddam-D1,D1,20140430,000000,652,653,652,652,20453,0
ddam-D1,D1,20140503,000000,652,664,652,655,19631,0
ddam-D1,D1,20140504,000000,656,658,637,658,33229,0
ddam-D1,D1,20140505,000000,635,670,635,664,19127,0
ddam-D1,D1,20140506,000000,646,679,646,679,4305,0
ddam-D1,D1,20140507,000000,664,664,637,646,21829,0
ddam-D1,D1,20140510,000000,641,664,641,654,1784,0
ddam-D1,D1,20140511,000000,661,683,658,676,18505,0
ddam-D1,D1,20140512,000000,678,683,664,681,5670,0
ddam-D1,D1,20140514,000000,639,678,639,658,8152,0
ddam-D1,D1,20140517,000000,636,675,636,664,16540,0
ddam-D1,D1,20140518,000000,630,657,629,649,60581,0
ddam-D1,D1,20140519,000000,622,625,610,625,12143,0
ddam-D1,D1,20140526,000000,653,653,653,653,59773,0
ddam-D1,D1,20140528,000000,678,678,655,662,25682,0
ddam-D1,D1,20140531,000000,634,686,634,686,49598,0
ddam-D1,D1,20140601,000000,708,710,668,701,33454,0
ddam-D1,D1,20140602,000000,662,675,655,655,12535,0
ddam-D1,D1,20140603,000000,665,672,665,672,6491,0
ddam-D1,D1,20140607,000000,675,675,672,672,7630,0
ddam-D1,D1,20140608,000000,672,672,672,672,1523,0
ddam-D1,D1,20140609,000000,678,678,648,677,5318,0
ddam-D1,D1,20140610,000000,648,648,647,647,4361,0
ddam-D1,D1,20140611,000000,645,646,645,645,10995,0
ddam-D1,D1,20140614,000000,639,639,639,639,12320,0
ddam-D1,D1,20140615,000000,639,641,633,633,22163,0
ddam-D1,D1,20140616,000000,628,628,628,628,1000,0
ddam-D1,D1,20140617,000000,628,629,628,629,8972,0
ddam-D1,D1,20140618,000000,668,670,642,670,10725,0
ddam-D1,D1,20140621,000000,675,676,649,655,7205,0
ddam-D1,D1,20140622,000000,675,675,641,675,1050,0
ddam-D1,D1,20140623,000000,675,675,626,632,33565,0
ddam-D1,D1,20140625,000000,640,640,640,640,200,0
ddam-D1,D1,20140628,000000,640,640,614,614,9745,0
ddam-D1,D1,20140629,000000,610,610,610,610,6133,0
ddam-D1,D1,20140630,000000,607,607,607,607,36795,0
ddam-D1,D1,20140701,000000,591,638,591,638,23627,0
ddam-D1,D1,20140702,000000,601,601,601,601,81,0
ddam-D1,D1,20140705,000000,638,641,637,641,8031,0
ddam-D1,D1,20140706,000000,601,628,601,614,13568,0
ddam-D1,D1,20140708,000000,646,647,646,647,23745,0
ddam-D1,D1,20140709,000000,658,658,636,636,8100,0
ddam-D1,D1,20140712,000000,641,641,635,635,5200,0
ddam-D1,D1,20140713,000000,637,655,637,641,14276,0
ddam-D1,D1,20140714,000000,628,638,628,637,20350,0
ddam-D1,D1,20140715,000000,611,652,611,635,15513,0
ddam-D1,D1,20140716,000000,655,655,635,638,2415,0
ddam-D1,D1,20140720,000000,614,656,614,656,9272,0
ddam-D1,D1,20140721,000000,660,660,660,660,5737,0
ddam-D1,D1,20140722,000000,662,662,662,662,571,0
ddam-D1,D1,20140723,000000,663,663,663,663,946,0
ddam-D1,D1,20140726,000000,663,663,663,663,21317,0
ddam-D1,D1,20140727,000000,673,673,673,673,21835,0
ddam-D1,D1,20140728,000000,683,683,683,683,9391,0
ddam-D1,D1,20140802,000000,687,687,687,687,875,0
ddam-D1,D1,20140804,000000,715,715,715,715,2895,0
ddam-D1,D1,20140805,000000,717,717,717,717,6586,0
ddam-D1,D1,20140806,000000,720,720,720,720,13770,0
ddam-D1,D1,20140809,000000,727,727,727,727,8150,0
ddam-D1,D1,20140810,000000,731,731,731,731,34832,0
ddam-D1,D1,20140811,000000,749,749,749,749,136896,0
ddam-D1,D1,20140812,000000,756,756,745,745,28111,0
ddam-D1,D1,20140813,000000,773,773,732,742,2219,0
ddam-D1,D1,20140816,000000,722,739,722,739,14108,0
ddam-D1,D1,20140817,000000,762,762,729,729,12092,0
ddam-D1,D1,20140818,000000,735,742,726,726,9846,0
ddam-D1,D1,20140819,000000,712,742,712,725,13748,0
ddam-D1,D1,20140820,000000,710,725,710,715,28303,0
ddam-D1,D1,20140823,000000,715,755,715,755,34341,0
ddam-D1,D1,20140824,000000,767,767,767,767,7013,0
ddam-D1,D1,20140825,000000,771,771,771,771,56640,0
ddam-D1,D1,20140826,000000,802,802,781,793,73671,0
ddam-D1,D1,20140827,000000,802,831,783,831,43311,0
ddam-D1,D1,20140830,000000,846,846,826,846,43135,0
ddam-D1,D1,20140831,000000,870,870,846,870,34409,0
ddam-D1,D1,20140901,000000,883,883,858,858,9412,0
ddam-D1,D1,20140902,000000,864,877,836,836,4750,0
ddam-D1,D1,20140903,000000,873,873,839,839,6261,0
ddam-D1,D1,20140906,000000,877,877,834,837,41870,0
ddam-D1,D1,20140915,000000,816,882,816,882,8950,0
ddam-D1,D1,20140916,000000,885,885,885,885,65255,0
ddam-D1,D1,20140917,000000,913,913,913,913,1400,0
ddam-D1,D1,20140920,000000,913,913,913,913,2977,0
ddam-D1,D1,20140921,000000,915,915,915,915,1490,0
ddam-D1,D1,20140922,000000,915,915,915,915,50010,0
ddam-D1,D1,20140923,000000,937,937,937,937,36927,0
ddam-D1,D1,20140924,000000,953,953,953,953,2060,0
ddam-D1,D1,20140927,000000,954,954,954,954,9400,0
ddam-D1,D1,20140928,000000,958,958,958,958,7111,0
ddam-D1,D1,20141001,000000,962,962,962,962,4261,0
ddam-D1,D1,20141004,000000,963,963,963,963,82150,0
ddam-D1,D1,20141006,000000,1001,1001,1001,1001,85055,0
ddam-D1,D1,20141007,000000,1041,1041,1041,1041,85283,0
ddam-D1,D1,20141008,000000,1082,1082,1082,1082,85770,0
ddam-D1,D1,20141011,000000,1169,1216,1125,1144,320973,0
ddam-D1,D1,20141012,000000,1154,1154,1112,1112,32681,0
ddam-D1,D1,20141014,000000,1096,1096,1096,1096,8603,0
ddam-D1,D1,20141015,000000,1091,1133,1091,1106,471181,0
ddam-D1,D1,20141018,000000,1124,1124,1055,1055,94585,0
ddam-D1,D1,20141019,000000,1024,1049,1024,1049,83318,0
ddam-D1,D1,20141020,000000,1062,1065,1062,1065,60361,0
ddam-D1,D1,20141021,000000,1093,1093,1011,1028,60632,0
ddam-D1,D1,20141022,000000,1024,1025,993,1002,54226,0
ddam-D1,D1,20141025,000000,972,976,972,976,41903,0
ddam-D1,D1,20141026,000000,954,956,954,954,18183,0
ddam-D1,D1,20141027,000000,946,946,946,946,14755,0
ddam-D1,D1,20141028,000000,940,992,940,945,132508,0
ddam-D1,D1,20141029,000000,976,976,952,961,12773,0
ddam-D1,D1,20141101,000000,983,983,983,983,82541,0
ddam-D1,D1,20141102,000000,1012,1012,947,972,78883,0
ddam-D1,D1,20141105,000000,975,1014,941,1014,73711,0
ddam-D1,D1,20141108,000000,1018,1039,997,1022,182825,0
ddam-D1,D1,20141109,000000,992,1002,983,987,17394,0
ddam-D1,D1,20141110,000000,982,992,982,984,10687,0
ddam-D1,D1,20141111,000000,982,1012,973,973,24553,0
ddam-D1,D1,20141112,000000,973,980,963,980,40396,0
ddam-D1,D1,20141115,000000,952,953,948,948,23570,0
ddam-D1,D1,20141116,000000,938,956,937,951,47741,0
ddam-D1,D1,20141117,000000,927,945,927,939,17648,0
ddam-D1,D1,20141118,000000,929,942,929,929,5979,0
ddam-D1,D1,20141119,000000,929,936,921,921,9570,0
ddam-D1,D1,20141122,000000,921,936,911,916,25767,0
ddam-D1,D1,20141123,000000,916,958,916,921,17071,0
ddam-D1,D1,20141124,000000,922,946,922,931,8854,0
ddam-D1,D1,20141125,000000,930,930,899,899,23474,0
ddam-D1,D1,20141126,000000,928,936,890,890,17062,0
ddam-D1,D1,20141129,000000,940,940,888,911,75374,0
ddam-D1,D1,20141130,000000,911,911,890,890,30762,0
ddam-D1,D1,20141201,000000,877,877,877,877,10613,0
ddam-D1,D1,20141202,000000,890,890,872,873,13890,0
ddam-D1,D1,20141203,000000,868,871,868,868,6642,0
ddam-D1,D1,20141206,000000,865,866,865,865,18036,0
ddam-D1,D1,20141207,000000,888,888,888,888,2000,0
ddam-D1,D1,20141208,000000,885,890,885,885,18560,0
ddam-D1,D1,20141209,000000,861,862,856,856,45920,0
ddam-D1,D1,20141210,000000,839,840,839,839,14811,0
ddam-D1,D1,20141214,000000,833,833,833,833,1350,0
ddam-D1,D1,20141215,000000,832,832,832,832,5821,0
ddam-D1,D1,20141216,000000,830,833,830,830,2825,0
ddam-D1,D1,20141217,000000,829,829,829,829,123,0
ddam-D1,D1,20141220,000000,829,890,829,890,14727,0
ddam-D1,D1,20141222,000000,832,850,832,845,60139,0
ddam-D1,D1,20141224,000000,846,846,814,832,25781,0
ddam-D1,D1,20141227,000000,810,832,807,832,17495,0
ddam-D1,D1,20141228,000000,850,861,810,815,4858,0
ddam-D1,D1,20141229,000000,802,810,802,802,17242,0
ddam-D1,D1,20141230,000000,796,850,796,840,15408,0
ddam-D1,D1,20141231,000000,830,851,822,846,31736,0
ddam-D1,D1,20150103,000000,825,826,816,816,31167,0
ddam-D1,D1,20150104,000000,817,817,817,817,435,0
ddam-D1,D1,20150105,000000,800,800,796,796,22740,0
ddam-D1,D1,20150106,000000,788,810,788,810,8505,0
ddam-D1,D1,20150107,000000,785,785,785,785,10414,0
ddam-D1,D1,20150110,000000,781,781,781,781,21780,0
ddam-D1,D1,20150111,000000,773,773,773,773,28657,0
ddam-D1,D1,20150112,000000,808,808,808,808,3300,0
ddam-D1,D1,20150113,000000,815,815,815,815,2000,0
ddam-D1,D1,20150114,000000,808,808,778,778,2775,0
ddam-D1,D1,20150117,000000,769,769,769,769,9058,0
ddam-D1,D1,20150118,000000,763,764,761,761,4200,0
ddam-D1,D1,20150119,000000,760,760,759,759,13762,0
ddam-D1,D1,20150120,000000,754,754,754,754,1041,0
ddam-D1,D1,20150121,000000,754,754,754,754,5000,0
ddam-D1,D1,20150124,000000,752,752,752,752,2307,0
ddam-D1,D1,20150125,000000,752,752,752,752,32655,0
ddam-D1,D1,20150126,000000,740,740,740,740,36980,0
ddam-D1,D1,20150127,000000,768,788,727,788,6641,0
ddam-D1,D1,20150128,000000,790,790,750,790,3350,0
ddam-D1,D1,20150131,000000,790,790,789,790,4381,0
ddam-D1,D1,20150201,000000,792,792,791,791,965,0
ddam-D1,D1,20150202,000000,791,791,791,791,700,0
ddam-D1,D1,20150203,000000,739,742,739,742,2504,0
ddam-D1,D1,20150204,000000,749,774,749,759,14893,0
ddam-D1,D1,20150207,000000,744,759,744,759,2575,0
ddam-D1,D1,20150208,000000,749,779,749,759,6473,0
ddam-D1,D1,20150209,000000,749,749,749,749,10240,0
ddam-D1,D1,20150210,000000,749,764,749,750,7070,0
ddam-D1,D1,20150214,000000,749,749,739,744,20904,0
ddam-D1,D1,20150215,000000,740,749,729,729,9488,0
ddam-D1,D1,20150216,000000,725,739,725,729,5050,0
ddam-D1,D1,20150217,000000,739,782,739,752,76325,0
ddam-D1,D1,20150218,000000,765,784,749,749,7156,0
ddam-D1,D1,20150224,000000,785,796,785,786,25758,0
ddam-D1,D1,20150225,000000,785,785,785,785,4000,0
ddam-D1,D1,20150301,000000,794,794,794,794,5997,0
ddam-D1,D1,20150302,000000,794,794,745,779,2099,0
ddam-D1,D1,20150303,000000,784,784,746,749,4431,0
ddam-D1,D1,20150304,000000,759,784,759,784,1245,0
ddam-D1,D1,20150307,000000,745,787,745,759,4662,0
ddam-D1,D1,20150308,000000,759,759,754,759,1700,0
ddam-D1,D1,20150309,000000,754,754,754,754,275,0
ddam-D1,D1,20150310,000000,779,788,779,788,800,0
ddam-D1,D1,20150311,000000,774,774,741,741,9225,0
ddam-D1,D1,20150314,000000,759,787,749,786,6600,0
ddam-D1,D1,20150315,000000,787,787,757,757,8066,0
ddam-D1,D1,20150316,000000,786,786,744,768,6626,0
ddam-D1,D1,20150317,000000,779,779,779,779,129,0
ddam-D1,D1,20150318,000000,745,779,745,754,11523,0
ddam-D1,D1,20150325,000000,749,749,738,738,82974,0
ddam-D1,D1,20150328,000000,739,773,739,773,6210,0
ddam-D1,D1,20150329,000000,772,773,759,769,31794,0
ddam-D1,D1,20150330,000000,786,786,786,786,150,0
ddam-D1,D1,20150331,000000,742,779,742,779,12824,0
ddam-D1,D1,20150404,000000,785,785,785,785,177809,0
ddam-D1,D1,20150405,000000,817,817,817,817,82268,0
ddam-D1,D1,20150406,000000,844,844,801,801,16137,0
ddam-D1,D1,20150407,000000,782,790,781,781,24952,0
ddam-D1,D1,20150408,000000,810,820,810,810,31962,0
ddam-D1,D1,20150411,000000,781,781,774,774,22049,0
ddam-D1,D1,20150413,000000,774,774,764,764,2250,0
ddam-D1,D1,20150414,000000,811,815,810,810,4777,0
ddam-D1,D1,20150415,000000,810,810,800,800,7251,0
ddam-D1,D1,20150418,000000,766,810,766,810,5621,0
ddam-D1,D1,20150419,000000,820,820,820,820,180,0
ddam-D1,D1,20150420,000000,810,810,776,776,8250,0
ddam-D1,D1,20150421,000000,780,810,780,810,2630,0
ddam-D1,D1,20150422,000000,765,810,765,810,21348,0
ddam-D1,D1,20150425,000000,810,831,810,830,36407,0
ddam-D1,D1,20150426,000000,811,830,811,830,5322,0
ddam-D1,D1,20150427,000000,795,811,795,810,8514,0
ddam-D1,D1,20150428,000000,818,818,786,786,9460,0
ddam-D1,D1,20150429,000000,810,810,810,810,57366,0
ddam-D1,D1,20150504,000000,820,820,810,810,951,0
ddam-D1,D1,20150505,000000,780,809,780,809,1160,0
ddam-D1,D1,20150506,000000,780,807,780,807,8891,0
ddam-D1,D1,20150509,000000,810,810,810,810,1100,0
ddam-D1,D1,20150510,000000,830,830,820,820,1589,0
ddam-D1,D1,20150511,000000,820,820,819,820,4560,0
ddam-D1,D1,20150512,000000,819,823,791,823,24103,0
ddam-D1,D1,20150523,000000,852,852,821,849,36480,0
ddam-D1,D1,20150524,000000,804,837,804,827,10804,0
ddam-D1,D1,20150525,000000,841,841,827,831,9338,0
ddam-D1,D1,20150526,000000,827,827,813,813,4341,0
ddam-D1,D1,20150527,000000,813,833,813,833,9168,0
ddam-D1,D1,20150530,000000,838,838,838,838,8883,0
ddam-D1,D1,20150531,000000,838,838,825,825,2626,0
ddam-D1,D1,20150601,000000,855,855,850,850,24176,0
ddam-D1,D1,20150606,000000,829,829,829,829,3063,0
ddam-D1,D1,20150607,000000,829,834,829,829,9400,0
ddam-D1,D1,20150608,000000,829,829,815,815,1501,0
ddam-D1,D1,20150609,000000,793,798,793,798,3708,0
ddam-D1,D1,20150610,000000,804,827,804,806,4847,0
ddam-D1,D1,20150613,000000,804,804,804,804,1299,0
ddam-D1,D1,20150615,000000,816,827,804,827,1300,0
ddam-D1,D1,20150616,000000,809,827,809,827,550,0
ddam-D1,D1,20150617,000000,855,855,810,838,6351,0
ddam-D1,D1,20150620,000000,838,838,838,838,161,0
ddam-D1,D1,20150622,000000,838,838,838,838,1400,0
ddam-D1,D1,20150623,000000,816,816,805,807,27830,0
ddam-D1,D1,20150624,000000,806,806,806,806,10000,0
ddam-D1,D1,20150627,000000,815,827,804,827,14400,0
ddam-D1,D1,20150628,000000,827,827,818,818,850,0
ddam-D1,D1,20150629,000000,803,810,797,797,17769,0
ddam-D1,D1,20150630,000000,821,821,802,807,24217,0
ddam-D1,D1,20150701,000000,805,805,805,805,38632,0
ddam-D1,D1,20150704,000000,844,844,827,827,1030,0
ddam-D1,D1,20150705,000000,793,797,790,791,26865,0
ddam-D1,D1,20150706,000000,804,804,804,804,1900,0
ddam-D1,D1,20150707,000000,838,838,799,804,126019,0
ddam-D1,D1,20150711,000000,807,807,807,807,100,0
ddam-D1,D1,20150712,000000,815,815,815,815,6087,0
ddam-D1,D1,20150713,000000,838,848,835,846,59298,0
ddam-D1,D1,20150715,000000,848,848,815,820,28308,0
ddam-D1,D1,20150720,000000,834,874,834,874,18621,0
ddam-D1,D1,20150721,000000,884,884,862,884,29580,0
ddam-D1,D1,20150722,000000,854,872,854,872,5990,0
ddam-D1,D1,20150725,000000,854,854,821,821,25419,0
ddam-D1,D1,20150726,000000,827,827,827,827,4812,0
ddam-D1,D1,20150727,000000,821,855,821,827,14383,0
ddam-D1,D1,20150728,000000,827,855,827,855,4360,0
ddam-D1,D1,20150729,000000,879,879,879,879,200,0
ddam-D1,D1,20150801,000000,862,862,862,862,134,0
ddam-D1,D1,20150803,000000,838,845,838,838,70000,0
ddam-D1,D1,20150808,000000,815,815,804,815,5789,0
ddam-D1,D1,20150809,000000,805,838,805,838,926,0
ddam-D1,D1,20150810,000000,816,817,816,816,8613,0
ddam-D1,D1,20150817,000000,817,817,817,817,1561,0
ddam-D1,D1,20150818,000000,804,817,804,804,13357,0
ddam-D1,D1,20150819,000000,805,806,804,806,12076,0
ddam-D1,D1,20150822,000000,827,827,799,815,56023,0
ddam-D1,D1,20150823,000000,815,815,815,815,1500,0
ddam-D1,D1,20150824,000000,838,838,827,838,15645,0
ddam-D1,D1,20150825,000000,804,818,804,818,2190,0
ddam-D1,D1,20150826,000000,792,804,781,781,31298,0
ddam-D1,D1,20150829,000000,804,848,804,848,21543,0
ddam-D1,D1,20150830,000000,848,848,848,848,670,0
ddam-D1,D1,20150902,000000,787,787,787,787,480,0
ddam-D1,D1,20150908,000000,814,814,814,814,100,0
ddam-D1,D1,20150913,000000,814,827,814,827,910,0
ddam-D1,D1,20150914,000000,793,827,792,827,27715,0
ddam-D1,D1,20150915,000000,810,810,810,810,1150,0
ddam-D1,D1,20150916,000000,810,810,810,810,201,0
ddam-D1,D1,20150919,000000,804,804,804,804,200,0
ddam-D1,D1,20150920,000000,776,776,776,776,17000,0
ddam-D1,D1,20150921,000000,776,804,776,804,9300,0
ddam-D1,D1,20150922,000000,813,813,813,813,8700,0
ddam-D1,D1,20150923,000000,813,832,779,832,50707,0
ddam-D1,D1,20150926,000000,804,804,792,804,20321,0
ddam-D1,D1,20150927,000000,776,832,776,832,1000,0
ddam-D1,D1,20150928,000000,804,804,804,804,1201,0
ddam-D1,D1,20150930,000000,802,819,802,819,7540,0
ddam-D1,D1,20151004,000000,781,791,781,791,8168,0
ddam-D1,D1,20151005,000000,827,827,827,827,725,0
ddam-D1,D1,20151006,000000,787,787,787,787,1625,0
ddam-D1,D1,20151007,000000,823,823,820,821,80767,0
ddam-D1,D1,20151010,000000,832,833,829,833,12641,0
ddam-D1,D1,20151011,000000,804,804,804,804,50572,0
ddam-D1,D1,20151013,000000,804,829,804,815,1257,0
ddam-D1,D1,20151014,000000,804,804,769,769,68528,0
ddam-D1,D1,20151017,000000,772,792,768,768,63892,0
ddam-D1,D1,20151018,000000,768,776,750,776,20865,0
ddam-D1,D1,20151019,000000,785,785,784,784,2000,0
ddam-D1,D1,20151020,000000,735,752,733,733,23751,0
ddam-D1,D1,20151114,000000,722,722,722,722,2223,0
ddam-D1,D1,20151115,000000,721,721,721,721,300,0
ddam-D1,D1,20151118,000000,721,721,721,721,480,0
ddam-D1,D1,20151121,000000,721,721,721,721,100,0
ddam-D1,D1,20151228,000000,721,721,721,721,100,0
ddam-D1,D1,20160105,000000,721,721,721,721,760,0
ddam-D1,D1,20160106,000000,720,720,720,720,4000,0
ddam-D1,D1,20160119,000000,718,718,718,718,978,0
ddam-D1,D1,20160120,000000,718,718,718,718,3000,0
ddam-D1,D1,20160123,000000,717,776,717,729,502288,0
ddam-D1,D1,20160124,000000,724,740,724,738,141686,0
ddam-D1,D1,20160125,000000,755,771,755,771,409921,0
ddam-D1,D1,20160126,000000,803,803,773,777,165782,0
ddam-D1,D1,20160127,000000,776,776,749,749,85684,0
ddam-D1,D1,20160130,000000,720,746,720,720,75224,0
ddam-D1,D1,20160131,000000,720,736,720,722,10450,0
ddam-D1,D1,20160201,000000,723,746,723,725,67506,0
ddam-D1,D1,20160202,000000,769,769,724,746,90728,0
ddam-D1,D1,20160203,000000,763,763,714,719,31956,0
ddam-D1,D1,20160206,000000,723,743,716,717,28938,0
ddam-D1,D1,20160207,000000,717,729,712,717,45053,0
ddam-D1,D1,20160208,000000,718,732,707,717,80117,0
ddam-D1,D1,20160209,000000,718,736,718,727,110598,0
ddam-D1,D1,20160210,000000,732,732,693,713,40958,0
ddam-D1,D1,20160213,000000,729,734,692,713,62688,0
ddam-D1,D1,20160214,000000,712,712,690,692,29909,0
ddam-D1,D1,20160215,000000,694,712,688,700,59753,0
ddam-D1,D1,20160216,000000,689,701,674,677,41482,0
ddam-D1,D1,20160217,000000,698,698,664,672,10274,0
ddam-D1,D1,20160220,000000,662,662,659,659,23577,0
ddam-D1,D1,20160221,000000,650,650,650,650,3790,0
ddam-D1,D1,20160222,000000,649,649,649,649,14361,0
ddam-D1,D1,20160223,000000,643,643,643,643,20244,0
ddam-D1,D1,20160224,000000,635,635,635,635,35023,0
ddam-D1,D1,20160227,000000,622,641,622,623,36715,0
ddam-D1,D1,20160228,000000,623,642,621,626,97543,0
ddam-D1,D1,20160229,000000,620,641,612,632,60618,0
ddam-D1,D1,20160301,000000,646,658,646,658,56386,0
ddam-D1,D1,20160302,000000,676,676,658,676,182378,0
ddam-D1,D1,20160328,000000,609,639,609,639,147017,0
ddam-D1,D1,20160329,000000,663,663,632,663,49094,0
ddam-D1,D1,20160330,000000,677,679,656,679,77661,0
ddam-D1,D1,20160402,000000,700,700,655,655,37264,0
ddam-D1,D1,20160403,000000,646,688,646,661,47678,0
ddam-D1,D1,20160404,000000,640,656,640,651,26792,0
ddam-D1,D1,20160405,000000,638,666,638,666,4745,0
ddam-D1,D1,20160406,000000,638,640,631,631,107954,0
ddam-D1,D1,20160409,000000,664,664,616,635,12161,0
ddam-D1,D1,20160410,000000,637,643,627,632,67402,0
ddam-D1,D1,20160411,000000,643,643,635,639,23580,0
ddam-D1,D1,20160412,000000,638,641,635,635,11300,0
ddam-D1,D1,20160413,000000,643,643,620,621,64889,0
ddam-D1,D1,20160416,000000,630,630,614,625,4909,0
ddam-D1,D1,20160417,000000,627,627,599,614,9824,0
ddam-D1,D1,20160418,000000,632,632,624,629,14199,0
ddam-D1,D1,20160419,000000,609,632,606,632,46879,0
ddam-D1,D1,20160420,000000,632,632,605,606,42100,0
ddam-D1,D1,20160423,000000,607,630,607,607,12635,0
ddam-D1,D1,20160424,000000,624,626,623,626,24300,0
ddam-D1,D1,20160425,000000,609,629,605,625,37906,0
ddam-D1,D1,20160426,000000,618,618,605,618,13766,0
ddam-D1,D1,20160427,000000,620,620,606,606,13924,0
ddam-D1,D1,20160430,000000,606,608,599,600,43138,0
ddam-D1,D1,20160501,000000,597,642,597,642,382200,0
ddam-D1,D1,20160502,000000,638,638,600,613,74437,0
ddam-D1,D1,20160503,000000,610,643,610,622,197591,0
ddam-D1,D1,20160504,000000,610,617,610,612,58100,0
ddam-D1,D1,20160507,000000,620,620,610,610,14598,0
ddam-D1,D1,20160508,000000,608,613,590,590,128140,0
ddam-D1,D1,20160509,000000,591,591,589,591,22115,0
ddam-D1,D1,20160518,000000,587,602,562,570,32467,0
ddam-D1,D1,20160521,000000,575,580,566,572,35952,0
ddam-D1,D1,20160529,000000,564,579,564,579,58358,0
ddam-D1,D1,20160530,000000,574,587,574,574,44048,0
ddam-D1,D1,20160531,000000,564,586,564,568,24251,0
ddam-D1,D1,20160601,000000,544,574,544,557,2128,0
ddam-D1,D1,20160605,000000,574,574,546,547,21875,0
ddam-D1,D1,20160606,000000,540,596,539,574,167952,0
ddam-D1,D1,20160607,000000,575,584,551,551,16570,0
ddam-D1,D1,20160608,000000,540,586,540,586,145138,0
ddam-D1,D1,20160611,000000,613,613,612,613,103771,0
ddam-D1,D1,20160612,000000,619,643,609,643,67589,0
ddam-D1,D1,20160613,000000,636,643,632,643,23489,0
ddam-D1,D1,20160614,000000,625,625,615,615,22298,0
ddam-D1,D1,20160615,000000,610,643,609,641,54397,0
ddam-D1,D1,20160618,000000,612,643,612,643,2200,0
ddam-D1,D1,20160619,000000,626,636,626,626,12130,0
ddam-D1,D1,20160620,000000,612,620,601,620,4840,0
ddam-D1,D1,20160621,000000,620,632,601,632,10530,0
ddam-D1,D1,20160622,000000,602,632,602,632,35606,0
ddam-D1,D1,20160625,000000,637,637,636,636,779,0
ddam-D1,D1,20160626,000000,601,603,592,592,95796,0
ddam-D1,D1,20160628,000000,621,621,578,613,2582,0
ddam-D1,D1,20160629,000000,586,586,575,586,15064,0
ddam-D1,D1,20160702,000000,574,574,572,572,14133,0
ddam-D1,D1,20160703,000000,572,587,571,587,15024,0
ddam-D1,D1,20160704,000000,575,575,565,565,23606,0
ddam-D1,D1,20160705,000000,557,557,557,557,1200,0
ddam-D1,D1,20160709,000000,559,581,559,581,3154,0
ddam-D1,D1,20160710,000000,581,581,563,563,2500,0
ddam-D1,D1,20160711,000000,563,563,552,552,48200,0
ddam-D1,D1,20160712,000000,562,562,541,541,20000,0
ddam-D1,D1,20160713,000000,540,573,539,557,7993,0
ddam-D1,D1,20160717,000000,551,573,551,551,18560,0
ddam-D1,D1,20160718,000000,574,589,573,589,58213,0
ddam-D1,D1,20160719,000000,573,604,573,604,36520,0
ddam-D1,D1,20160720,000000,608,615,608,615,102041,0
ddam-D1,D1,20160723,000000,643,643,597,620,45735,0
ddam-D1,D1,20160724,000000,603,651,597,651,106152,0
ddam-D1,D1,20160725,000000,655,670,655,670,99390,0
ddam-D1,D1,20160726,000000,658,702,636,702,540900,0
ddam-D1,D1,20160727,000000,716,717,716,717,110029,0
ddam-D1,D1,20160731,000000,744,753,683,700,479659,0
ddam-D1,D1,20160801,000000,771,779,761,779,343359,0
ddam-D1,D1,20160802,000000,817,817,806,817,246119,0
ddam-D1,D1,20160803,000000,858,858,850,856,70667,0
ddam-D1,D1,20160806,000000,884,893,857,887,140415,0
ddam-D1,D1,20160807,000000,895,895,842,842,131303,0
ddam-D1,D1,20160808,000000,800,800,800,800,3369,0
ddam-D1,D1,20160809,000000,798,798,798,798,7250,0
ddam-D1,D1,20160810,000000,794,794,794,794,15000,0
ddam-D1,D1,20160813,000000,785,785,785,785,6200,0
ddam-D1,D1,20160814,000000,782,782,782,782,8200,0
ddam-D1,D1,20160815,000000,777,777,777,777,6300,0
ddam-D1,D1,20160816,000000,774,774,774,774,5901,0
ddam-D1,D1,20160817,000000,770,770,770,770,5000,0
ddam-D1,D1,20160820,000000,768,768,768,768,1185,0
ddam-D1,D1,20160821,000000,767,767,767,767,4544,0
ddam-D1,D1,20160822,000000,764,764,764,764,4242,0
ddam-D1,D1,20160823,000000,762,762,762,762,2474,0
ddam-D1,D1,20160824,000000,761,761,761,761,6385,0
ddam-D1,D1,20160827,000000,757,757,757,757,3299,0
ddam-D1,D1,20160828,000000,756,756,756,756,72894,0
ddam-D1,D1,20160829,000000,718,794,718,780,1133487,0
ddam-D1,D1,20160830,000000,769,784,721,753,184800,0
ddam-D1,D1,20160831,000000,757,757,700,757,75834,0
ddam-D1,D1,20160903,000000,742,742,689,710,37514,0
ddam-D1,D1,20160904,000000,683,717,676,694,113790,0
ddam-D1,D1,20160905,000000,655,706,650,650,249862,0
ddam-D1,D1,20160906,000000,650,687,650,687,134464,0
ddam-D1,D1,20160907,000000,707,707,707,707,103930,0
ddam-D1,D1,20160910,000000,742,743,677,743,157898,0
ddam-D1,D1,20160911,000000,769,769,702,702,93111,0
ddam-D1,D1,20160913,000000,698,713,698,698,58300,0
ddam-D1,D1,20160914,000000,683,683,674,674,191117,0
ddam-D1,D1,20160917,000000,674,703,655,681,110767,0
ddam-D1,D1,20160918,000000,681,682,635,672,97434,0
ddam-D1,D1,20160919,000000,672,672,635,643,120249,0
ddam-D1,D1,20160921,000000,674,674,632,667,46686,0
ddam-D1,D1,20160924,000000,677,677,657,657,125024,0
ddam-D1,D1,20160925,000000,670,683,655,666,72077,0
ddam-D1,D1,20160926,000000,666,676,661,665,67554,0
ddam-D1,D1,20160927,000000,651,683,651,682,15312,0
ddam-D1,D1,20160928,000000,667,682,666,666,33723,0
ddam-D1,D1,20161001,000000,666,680,653,680,9764,0
ddam-D1,D1,20161002,000000,676,676,654,666,32405,0
ddam-D1,D1,20161003,000000,657,676,633,649,71522,0
ddam-D1,D1,20161004,000000,626,670,620,645,139428,0
ddam-D1,D1,20161005,000000,659,659,621,634,28221,0
ddam-D1,D1,20161008,000000,621,659,621,651,89840,0
ddam-D1,D1,20161009,000000,665,665,635,644,16070,0
ddam-D1,D1,20161010,000000,638,655,634,646,42605,0
ddam-D1,D1,20161015,000000,646,663,635,655,65124,0
ddam-D1,D1,20161016,000000,629,639,626,626,38676,0
ddam-D1,D1,20161017,000000,621,650,616,649,27446,0
ddam-D1,D1,20170108,000000,600,600,600,600,55187,0
ddam-D1,D1,20170109,000000,582,582,582,582,2335,0
ddam-D1,D1,20170111,000000,581,581,581,581,10848,0
ddam-D1,D1,20170115,000000,577,577,577,577,6866,0
ddam-D1,D1,20170116,000000,575,575,575,575,2937,0
ddam-D1,D1,20170117,000000,574,574,574,574,13943,0
ddam-D1,D1,20170118,000000,570,570,570,570,4740,0
ddam-D1,D1,20170121,000000,569,569,569,569,2000,0
ddam-D1,D1,20170122,000000,568,568,568,568,5340,0
ddam-D1,D1,20170123,000000,567,567,567,567,3000,0
ddam-D1,D1,20170124,000000,566,566,566,566,12096,0
ddam-D1,D1,20170125,000000,562,562,562,562,6183,0
ddam-D1,D1,20170214,000000,560,560,560,560,3920,0
ddam-D1,D1,20170215,000000,559,559,559,559,2080,0
ddam-D1,D1,20170218,000000,558,558,558,558,4000,0
ddam-D1,D1,20170219,000000,557,557,557,557,3050,0
ddam-D1,D1,20170220,000000,556,556,556,556,3526,0
ddam-D1,D1,20170221,000000,556,556,556,556,14464,0
ddam-D1,D1,20170222,000000,551,551,551,551,12076,0
ddam-D1,D1,20170225,000000,548,548,548,548,6146,0
ddam-D1,D1,20170226,000000,546,546,546,546,33682,0
ddam-D1,D1,20170227,000000,537,548,537,537,552131,0
ddam-D1,D1,20170228,000000,529,564,529,541,436809,0
ddam-D1,D1,20170301,000000,554,561,520,520,517450,0
ddam-D1,D1,20170304,000000,512,519,503,503,383919,0
ddam-D1,D1,20170305,000000,491,531,491,510,96915,0
ddam-D1,D1,20170306,000000,529,541,529,541,125226,0
ddam-D1,D1,20170307,000000,562,562,512,521,102616,0
ddam-D1,D1,20170308,000000,544,544,514,525,33948,0
ddam-D1,D1,20170311,000000,528,528,508,526,65287,0
ddam-D1,D1,20170408,000000,562,571,553,571,542797,0
ddam-D1,D1,20170409,000000,567,594,562,594,243431,0
ddam-D1,D1,20170410,000000,607,614,607,614,82017,0
ddam-D1,D1,20170412,000000,638,638,638,638,154367,0
ddam-D1,D1,20170415,000000,650,670,609,670,294586,0
ddam-D1,D1,20170416,000000,697,697,634,697,185536,0
ddam-D1,D1,20170417,000000,725,725,661,691,172036,0
ddam-D1,D1,20170418,000000,686,686,650,679,67347,0
ddam-D1,D1,20170419,000000,664,693,655,693,181919,0
ddam-D1,D1,20170422,000000,691,709,682,709,351590,0
ddam-D1,D1,20170423,000000,713,730,700,730,202509,0
ddam-D1,D1,20170424,000000,729,740,688,723,370598,0
ddam-D1,D1,20170426,000000,735,765,700,765,271599,0
ddam-D1,D1,20170429,000000,785,785,769,785,971795,0
ddam-D1,D1,20170430,000000,748,786,743,746,187746,0
ddam-D1,D1,20170501,000000,737,762,737,737,20373,0
ddam-D1,D1,20170502,000000,727,727,727,727,24758,0
ddam-D1,D1,20170503,000000,715,715,715,715,4985,0
ddam-D1,D1,20170506,000000,713,713,713,713,200,0
ddam-D1,D1,20170507,000000,713,713,713,713,859,0
ddam-D1,D1,20170508,000000,769,781,712,780,734470,0
ddam-D1,D1,20170509,000000,792,792,733,733,125699,0
ddam-D1,D1,20170510,000000,711,713,711,711,107972,0
ddam-D1,D1,20170513,000000,695,695,676,676,70693,0
ddam-D1,D1,20170514,000000,650,650,648,648,26700,0
ddam-D1,D1,20170515,000000,637,703,637,703,637881,0
ddam-D1,D1,20170516,000000,735,735,723,735,129565,0
ddam-D1,D1,20170517,000000,744,767,744,767,1082818,0
ddam-D1,D1,20170520,000000,767,805,729,769,93234,0
ddam-D1,D1,20170521,000000,744,769,736,769,33346,0
ddam-D1,D1,20170522,000000,720,771,719,722,17716,0
ddam-D1,D1,20170523,000000,724,725,724,725,4000,0
ddam-D1,D1,20170524,000000,720,734,718,719,34667,0
ddam-D1,D1,20170527,000000,702,733,702,704,42015,0
ddam-D1,D1,20170528,000000,712,712,712,712,500,0
ddam-D1,D1,20170529,000000,744,744,695,695,34530,0
ddam-D1,D1,20170530,000000,681,706,681,706,9213,0
ddam-D1,D1,20170531,000000,706,706,677,677,16195,0
ddam-D1,D1,20170603,000000,677,677,671,671,29308,0
ddam-D1,D1,20170606,000000,659,659,659,659,13162,0
ddam-D1,D1,20170614,000000,653,653,653,653,9800,0
ddam-D1,D1,20170617,000000,650,706,650,700,28347,0
ddam-D1,D1,20170618,000000,639,639,639,639,4032,0
ddam-D1,D1,20170619,000000,639,639,639,639,90,0
ddam-D1,D1,20170620,000000,638,677,637,677,23071,0
ddam-D1,D1,20170621,000000,666,666,666,666,980,0
ddam-D1,D1,20170624,000000,643,643,629,643,17120,0
ddam-D1,D1,20170625,000000,649,649,624,648,12671,0
ddam-D1,D1,20170628,000000,620,632,620,631,23966,0
ddam-D1,D1,20170701,000000,612,632,612,631,10568,0
ddam-D1,D1,20170703,000000,608,609,608,609,15055,0
ddam-D1,D1,20170704,000000,603,652,603,603,15168,0
ddam-D1,D1,20170705,000000,598,598,598,598,12603,0
ddam-D1,D1,20170708,000000,594,594,594,594,5135,0
ddam-D1,D1,20170709,000000,592,592,592,592,7200,0
ddam-D1,D1,20170710,000000,650,650,650,650,200,0
ddam-D1,D1,20170711,000000,590,607,590,590,18980,0
ddam-D1,D1,20170712,000000,584,586,584,584,224057,0
ddam-D1,D1,20170715,000000,566,574,558,572,31603,0
ddam-D1,D1,20170716,000000,548,572,548,557,34165,0
ddam-D1,D1,20170717,000000,557,557,543,543,7600,0
ddam-D1,D1,20170718,000000,540,595,540,562,32694,0
ddam-D1,D1,20170719,000000,546,584,546,562,12139,0
ddam-D1,D1,20170722,000000,567,567,549,553,12231,0
ddam-D1,D1,20170723,000000,567,589,567,574,3296,0
ddam-D1,D1,20170724,000000,578,579,557,557,40786,0
ddam-D1,D1,20170725,000000,565,592,564,582,180788,0
ddam-D1,D1,20170726,000000,567,595,567,591,16801,0
ddam-D1,D1,20170729,000000,595,606,577,604,69396,0
ddam-D1,D1,20170730,000000,627,627,620,627,49620,0
ddam-D1,D1,20170731,000000,642,642,633,642,108625,0
ddam-D1,D1,20170801,000000,673,673,628,672,98173,0
ddam-D1,D1,20170802,000000,626,677,626,665,60172,0
ddam-D1,D1,20170806,000000,686,686,634,634,111367,0
ddam-D1,D1,20170807,000000,683,683,624,632,60606,0
ddam-D1,D1,20170808,000000,655,655,607,607,42822,0
ddam-D1,D1,20170809,000000,643,643,592,592,31222,0
ddam-D1,D1,20170812,000000,628,628,582,582,46003,0
ddam-D1,D1,20170813,000000,571,591,571,572,46047,0
ddam-D1,D1,20170814,000000,608,608,566,594,17640,0
ddam-D1,D1,20170815,000000,568,606,566,597,16010,0
ddam-D1,D1,20170816,000000,591,608,591,608,7400,0
ddam-D1,D1,20170819,000000,574,607,571,571,6232,0
ddam-D1,D1,20170820,000000,574,597,574,574,3473,0
ddam-D1,D1,20170821,000000,582,584,566,584,4718,0
ddam-D1,D1,20170822,000000,583,583,557,557,62700,0
ddam-D1,D1,20170823,000000,583,583,562,582,42597,0
ddam-D1,D1,20170826,000000,553,569,541,569,11430,0
ddam-D1,D1,20170827,000000,582,582,541,573,14380,0
ddam-D1,D1,20170828,000000,552,552,547,552,13123,0
ddam-D1,D1,20170829,000000,572,592,562,592,111370,0
ddam-D1,D1,20170830,000000,606,606,563,563,84091,0
ddam-D1,D1,20170902,000000,561,585,561,584,6128,0
ddam-D1,D1,20170903,000000,597,597,554,584,27401,0
ddam-D1,D1,20170904,000000,584,584,558,559,19184,0
ddam-D1,D1,20170905,000000,572,574,562,562,20088,0
ddam-D1,D1,20170906,000000,563,579,557,557,7467,0
ddam-D1,D1,20170910,000000,547,565,547,565,8402,0
ddam-D1,D1,20170911,000000,552,571,552,571,4530,0
ddam-D1,D1,20170912,000000,571,571,551,551,6590,0
ddam-D1,D1,20170913,000000,547,567,540,540,56869,0
ddam-D1,D1,20170916,000000,532,567,532,551,2717,0
ddam-D1,D1,20170917,000000,540,572,540,556,22737,0
ddam-D1,D1,20170918,000000,571,580,571,579,55264,0
ddam-D1,D1,20170919,000000,580,594,562,590,59365,0
ddam-D1,D1,20170920,000000,565,589,565,589,12226,0
ddam-D1,D1,20170923,000000,564,565,558,558,56719,0
ddam-D1,D1,20170924,000000,558,576,558,560,13902,0
ddam-D1,D1,20170925,000000,560,584,560,581,3690,0
ddam-D1,D1,20170926,000000,559,584,559,582,29622,0
ddam-D1,D1,20170927,000000,582,599,574,592,207861,0
ddam-D1,D1,20171002,000000,595,595,569,569,28805,0
ddam-D1,D1,20171003,000000,569,574,557,557,31896,0
ddam-D1,D1,20171004,000000,554,583,554,580,78383,0
ddam-D1,D1,20171007,000000,573,573,572,572,2210,0
ddam-D1,D1,20171008,000000,545,551,544,544,20783,0
ddam-D1,D1,20171009,000000,539,556,539,539,4177,0
ddam-D1,D1,20171010,000000,548,551,540,551,28273,0
ddam-D1,D1,20171011,000000,546,570,546,548,31997,0
ddam-D1,D1,20171014,000000,540,540,530,530,41747,0
ddam-D1,D1,20171015,000000,519,533,519,520,64566,0
ddam-D1,D1,20171016,000000,519,545,519,545,24299,0
ddam-D1,D1,20171017,000000,528,528,528,528,10281,0
ddam-D1,D1,20171018,000000,528,528,507,520,15234,0
ddam-D1,D1,20171021,000000,539,552,530,535,25077,0
ddam-D1,D1,20171022,000000,530,541,511,512,44326,0
ddam-D1,D1,20171023,000000,524,524,524,524,1309,0
ddam-D1,D1,20171024,000000,505,526,505,524,7318,0
ddam-D1,D1,20171025,000000,500,507,500,507,3350,0
ddam-D1,D1,20171028,000000,505,505,497,497,34639,0
ddam-D1,D1,20171029,000000,510,510,495,495,11274,0
ddam-D1,D1,20171030,000000,495,495,487,487,46967,0
ddam-D1,D1,20171031,000000,478,494,478,494,8498,0
ddam-D1,D1,20171101,000000,480,524,480,523,14073,0
ddam-D1,D1,20171104,000000,505,505,479,479,38398,0
ddam-D1,D1,20171105,000000,477,493,477,483,47595,0
ddam-D1,D1,20171106,000000,479,486,471,471,53330,0
ddam-D1,D1,20171107,000000,471,482,471,482,11501,0
ddam-D1,D1,20171108,000000,481,481,475,481,13361,0
ddam-D1,D1,20171111,000000,481,481,471,477,27296,0
ddam-D1,D1,20171112,000000,477,477,474,474,25816,0
ddam-D1,D1,20171113,000000,475,475,471,471,5630,0
ddam-D1,D1,20171114,000000,467,473,460,460,24911,0
ddam-D1,D1,20171115,000000,456,477,453,460,14464,0
ddam-D1,D1,20171118,000000,467,472,467,467,14245,0
ddam-D1,D1,20171120,000000,450,455,450,454,39767,0
ddam-D1,D1,20171121,000000,449,467,444,448,40228,0
ddam-D1,D1,20171122,000000,460,460,448,449,2835,0
ddam-D1,D1,20171125,000000,461,461,454,456,11436,0
ddam-D1,D1,20171126,000000,459,461,459,460,28872,0
ddam-D1,D1,20171128,000000,460,460,457,460,22368,0
ddam-D1,D1,20171129,000000,457,458,447,447,6930,0
ddam-D1,D1,20171202,000000,460,460,441,441,3000,0
ddam-D1,D1,20171203,000000,455,455,455,455,874,0
ddam-D1,D1,20171204,000000,459,459,441,441,12343,0
ddam-D1,D1,20171205,000000,437,459,437,454,8600,0
ddam-D1,D1,20171209,000000,436,438,435,435,29256,0
ddam-D1,D1,20171210,000000,430,446,430,430,69200,0
ddam-D1,D1,20171211,000000,443,443,426,428,34038,0
ddam-D1,D1,20171212,000000,429,435,427,427,49633,0
ddam-D1,D1,20171213,000000,427,429,427,429,7674,0
ddam-D1,D1,20171216,000000,448,448,448,448,1085,0
ddam-D1,D1,20171218,000000,446,448,446,446,35640,0
ddam-D1,D1,20171219,000000,427,437,427,437,8845,0
ddam-D1,D1,20171220,000000,430,430,429,429,19259,0
ddam-D1,D1,20171223,000000,437,437,437,437,3785,0
ddam-D1,D1,20171224,000000,437,437,431,431,300,0
ddam-D1,D1,20171225,000000,427,434,415,434,186343,0
ddam-D1,D1,20171226,000000,415,426,415,424,17541,0
ddam-D1,D1,20171227,000000,435,435,424,424,13611,0
ddam-D1,D1,20171230,000000,419,419,416,416,8121,0
ddam-D1,D1,20171231,000000,415,423,400,423,68930,0
ddam-D1,D1,20180102,000000,413,413,413,413,4500,0
ddam-D1,D1,20180103,000000,425,425,424,424,545,0
ddam-D1,D1,20180106,000000,394,413,394,413,2700,0
ddam-D1,D1,20180107,000000,397,397,397,397,1111,0
ddam-D1,D1,20180108,000000,419,419,413,413,2187,0
ddam-D1,D1,20180109,000000,397,419,393,393,59926,0
ddam-D1,D1,20180110,000000,413,413,406,413,33928,0
ddam-D1,D1,20180113,000000,412,412,411,411,12430,0
ddam-D1,D1,20180114,000000,393,408,393,407,2251,0
ddam-D1,D1,20180115,000000,405,405,405,405,2574,0
ddam-D1,D1,20180116,000000,390,392,390,391,21066,0
ddam-D1,D1,20180117,000000,386,396,386,396,10790,0
ddam-D1,D1,20180120,000000,385,390,385,390,507,0
ddam-D1,D1,20180121,000000,390,390,389,390,5250,0
ddam-D1,D1,20180122,000000,384,384,384,384,310,0
ddam-D1,D1,20180123,000000,384,384,384,384,1000,0
ddam-D1,D1,20180124,000000,384,384,384,384,27238,0
ddam-D1,D1,20180127,000000,382,390,382,390,5672,0
ddam-D1,D1,20180128,000000,381,381,381,381,43520,0
ddam-D1,D1,20180129,000000,402,402,375,375,28837,0
ddam-D1,D1,20180130,000000,375,402,375,375,2055,0
ddam-D1,D1,20180131,000000,379,379,372,372,11749,0
ddam-D1,D1,20180203,000000,410,410,393,393,5827,0
ddam-D1,D1,20180204,000000,407,407,407,407,2244,0
ddam-D1,D1,20180205,000000,373,410,373,410,8242,0
ddam-D1,D1,20180206,000000,379,407,379,407,722,0
ddam-D1,D1,20180207,000000,373,407,373,407,3112,0
ddam-D1,D1,20180212,000000,385,398,385,398,12821,0
ddam-D1,D1,20180213,000000,381,381,381,381,6000,0
ddam-D1,D1,20180214,000000,390,390,390,390,20000,0
ddam-D1,D1,20180217,000000,390,396,390,396,3588,0
ddam-D1,D1,20180218,000000,396,396,387,387,1525,0
ddam-D1,D1,20180219,000000,390,390,390,390,877,0
ddam-D1,D1,20180221,000000,379,396,374,380,14704,0
ddam-D1,D1,20180224,000000,390,390,374,374,1826,0
ddam-D1,D1,20180225,000000,396,396,375,375,2251,0
ddam-D1,D1,20180226,000000,374,393,374,393,9934,0
ddam-D1,D1,20180227,000000,374,374,374,374,2912,0
ddam-D1,D1,20180228,000000,390,390,374,374,2620,0
ddam-D1,D1,20180303,000000,374,374,372,372,31418,0
ddam-D1,D1,20180304,000000,371,371,366,366,54970,0
ddam-D1,D1,20180305,000000,379,390,366,390,14300,0
ddam-D1,D1,20180306,000000,366,367,366,367,384,0
ddam-D1,D1,20180307,000000,367,367,367,367,2116,0
ddam-D1,D1,20180310,000000,381,383,358,358,57210,0
ddam-D1,D1,20180311,000000,357,377,357,377,1075,0
ddam-D1,D1,20180312,000000,357,357,357,357,873,0
ddam-D1,D1,20180314,000000,356,357,356,356,8000,0
ddam-D1,D1,20180319,000000,355,356,355,356,9294,0
ddam-D1,D1,20180327,000000,372,372,355,355,1114,0
ddam-D1,D1,20180328,000000,354,354,354,354,500,0
ddam-D1,D1,20180403,000000,373,389,373,389,13330,0
ddam-D1,D1,20180404,000000,389,389,389,389,5000,0
ddam-D1,D1,20180407,000000,357,357,355,355,4800,0
ddam-D1,D1,20180408,000000,355,355,355,355,3622,0
ddam-D1,D1,20180409,000000,354,354,354,354,42617,0
ddam-D1,D1,20180410,000000,355,355,350,350,1997,0
ddam-D1,D1,20180411,000000,349,349,349,349,20500,0
ddam-D1,D1,20180415,000000,365,365,356,365,370,0
ddam-D1,D1,20180416,000000,370,370,370,370,389,0
ddam-D1,D1,20180418,000000,348,360,348,355,12840,0
ddam-D1,D1,20180421,000000,348,348,348,348,333,0
ddam-D1,D1,20180422,000000,348,348,347,347,5642,0
ddam-D1,D1,20180423,000000,348,350,348,350,8805,0
ddam-D1,D1,20180424,000000,347,348,347,347,2534,0
ddam-D1,D1,20180425,000000,350,350,350,350,5805,0
ddam-D1,D1,20180428,000000,347,347,347,347,3734,0
ddam-D1,D1,20180429,000000,345,345,345,345,1266,0
ddam-D1,D1,20180430,000000,350,350,344,344,1589,0
ddam-D1,D1,20180501,000000,344,344,344,344,12533,0
ddam-D1,D1,20180505,000000,344,344,344,344,5000,0
ddam-D1,D1,20180507,000000,342,344,342,342,1632,0
ddam-D1,D1,20180512,000000,342,361,342,342,18915,0
ddam-D1,D1,20180514,000000,344,360,344,360,2191,0
ddam-D1,D1,20180515,000000,341,355,340,340,12050,0
ddam-D1,D1,20180521,000000,339,339,339,339,11509,0
ddam-D1,D1,20180522,000000,356,356,333,333,906,0
ddam-D1,D1,20180523,000000,325,326,325,325,16246,0
ddam-D1,D1,20180526,000000,333,344,321,344,5772,0
ddam-D1,D1,20180527,000000,321,321,321,321,100,0
ddam-D1,D1,20180529,000000,321,321,321,321,40200,0
ddam-D1,D1,20180530,000000,321,321,317,317,43490,0
ddam-D1,D1,20180602,000000,319,338,314,338,13940,0
ddam-D1,D1,20180603,000000,314,338,314,333,3478,0
ddam-D1,D1,20180613,000000,312,321,312,317,8600,0
ddam-D1,D1,20180617,000000,332,332,300,304,191173,0
ddam-D1,D1,20180618,000000,305,310,305,305,18610,0
ddam-D1,D1,20180619,000000,305,305,305,305,35000,0
ddam-D1,D1,20180623,000000,321,321,299,318,96092,0
ddam-D1,D1,20180624,000000,300,314,300,306,7477,0
ddam-D1,D1,20180625,000000,299,313,294,294,75883,0
ddam-D1,D1,20180626,000000,290,303,290,303,22884,0
ddam-D1,D1,20180627,000000,293,301,293,301,2616,0
ddam-D1,D1,20180630,000000,298,304,298,298,4142,0
ddam-D1,D1,20180701,000000,290,290,290,290,1840,0
ddam-D1,D1,20180702,000000,287,310,287,310,65500,0
ddam-D1,D1,20180703,000000,296,303,288,298,23265,0
ddam-D1,D1,20180704,000000,288,297,288,297,1680,0
ddam-D1,D1,20180707,000000,288,297,288,297,5100,0
ddam-D1,D1,20180708,000000,283,293,283,285,19978,0
ddam-D1,D1,20180710,000000,288,288,288,288,19321,0
ddam-D1,D1,20180711,000000,280,281,280,280,94366,0
ddam-D1,D1,20180714,000000,274,274,274,274,206,0
ddam-D1,D1,20180716,000000,274,275,274,275,25473,0
ddam-D1,D1,20180717,000000,298,298,288,288,2580,0
ddam-D1,D1,20180718,000000,272,275,272,272,4726,0
ddam-D1,D1,20180721,000000,272,272,272,272,8500,0
ddam-D1,D1,20180722,000000,271,271,271,271,26073,0
ddam-D1,D1,20180723,000000,270,270,270,270,4000,0
ddam-D1,D1,20180724,000000,269,270,269,270,5022,0
ddam-D1,D1,20180725,000000,276,276,269,269,6398,0
ddam-D1,D1,20180729,000000,270,276,270,276,6390,0
ddam-D1,D1,20180730,000000,269,276,269,276,12489,0
ddam-D1,D1,20180731,000000,288,295,284,295,2000,0
ddam-D1,D1,20180801,000000,295,295,279,279,9050,0
ddam-D1,D1,20180804,000000,279,279,268,268,5832,0
ddam-D1,D1,20180806,000000,282,282,268,268,42520,0
ddam-D1,D1,20180807,000000,266,266,266,266,5050,0
ddam-D1,D1,20180808,000000,267,267,267,267,440,0
ddam-D1,D1,20180811,000000,268,268,267,267,10173,0
ddam-D1,D1,20180812,000000,267,267,267,267,6000,0
ddam-D1,D1,20180814,000000,282,282,270,270,32060,0
ddam-D1,D1,20180815,000000,270,271,270,271,14700,0
ddam-D1,D1,20180818,000000,276,276,276,276,1105,0
ddam-D1,D1,20180819,000000,290,290,290,290,42750,0
ddam-D1,D1,20180820,000000,293,293,292,293,3026962,0
ddam-D1,D1,20180821,000000,308,308,306,308,189259,0
ddam-D1,D1,20180825,000000,321,321,321,321,107732,0
ddam-D1,D1,20180826,000000,331,331,299,330,1294816,0
ddam-D1,D1,20180827,000000,342,342,342,342,621449,0
ddam-D1,D1,20180828,000000,359,359,359,359,11654,0
ddam-D1,D1,20180829,000000,360,360,360,360,1,0
ddam-D1,D1,20180901,000000,360,360,360,360,167392,0
ddam-D1,D1,20180902,000000,378,378,378,378,4216,0
ddam-D1,D1,20180903,000000,378,378,378,378,11,0
ddam-D1,D1,20180904,000000,378,378,378,378,12110,0
ddam-D1,D1,20180905,000000,380,380,380,380,167392,0
ddam-D1,D1,20180908,000000,399,399,399,399,151194,0
ddam-D1,D1,20180909,000000,419,419,419,419,351194,0
ddam-D1,D1,20180912,000000,440,462,440,462,302388,0
ddam-D1,D1,20180915,000000,484,484,484,484,134897,0
ddam-D1,D1,20180916,000000,508,508,508,508,126801,0
ddam-D1,D1,20180917,000000,533,533,533,533,124699,0
ddam-D1,D1,20180923,000000,862,904,820,904,1958097,0
ddam-D1,D1,20180924,000000,918,918,918,918,69092,0
ddam-D1,D1,20180925,000000,965,965,965,965,61363,0
ddam-D1,D1,20180926,000000,1010,1010,1010,1010,229006,0
ddam-D1,D1,20180929,000000,1061,1061,1061,1061,21752,0
ddam-D1,D1,20180930,000000,1080,1080,1080,1080,106909,0
ddam-D1,D1,20181001,000000,1134,1191,1134,1191,590020,0
ddam-D1,D1,20181002,000000,1229,1229,1131,1131,997133,0
ddam-D1,D1,20181003,000000,1090,1175,1090,1116,1332044,0
ddam-D1,D1,20181006,000000,1150,1154,1052,1052,773489,0
ddam-D1,D1,20181007,000000,1026,1076,1024,1024,355812,0
ddam-D1,D1,20181008,000000,988,988,988,988,53978,0
ddam-D1,D1,20181009,000000,938,1017,938,938,2161879,0
ddam-D1,D1,20181010,000000,918,918,904,904,199506,0
ddam-D1,D1,20181013,000000,860,860,860,860,47322,0
ddam-D1,D1,20181014,000000,828,895,828,895,296831,0
ddam-D1,D1,20181015,000000,882,882,882,882,47373,0
ddam-D1,D1,20181016,000000,915,915,915,915,138111,0
ddam-D1,D1,20181017,000000,961,961,915,961,569520,0
ddam-D1,D1,20181020,000000,1007,1008,962,1008,242849,0
ddam-D1,D1,20181021,000000,1034,1034,1034,1034,8000,0
ddam-D1,D1,20181022,000000,963,963,960,960,54495,0
ddam-D1,D1,20181023,000000,916,917,916,916,89618,0
ddam-D1,D1,20181024,000000,870,870,870,870,64563,0
ddam-D1,D1,20181027,000000,828,870,828,828,424174,0
ddam-D1,D1,20181028,000000,840,869,840,869,99826,0
ddam-D1,D1,20181029,000000,909,909,909,909,220288,0
ddam-D1,D1,20181031,000000,946,954,918,951,185699,0
ddam-D1,D1,20181103,000000,970,970,907,923,183281,0
ddam-D1,D1,20181104,000000,936,960,901,918,308700,0
ddam-D1,D1,20181105,000000,897,964,897,911,95606,0
ddam-D1,D1,20181106,000000,953,953,896,910,122747,0
ddam-D1,D1,20181110,000000,907,918,878,918,224364,0
ddam-D1,D1,20181111,000000,907,933,902,902,133052,0
ddam-D1,D1,20181112,000000,941,941,915,918,125591,0
ddam-D1,D1,20181113,000000,953,953,918,930,126118,0
ddam-D1,D1,20181114,000000,945,981,931,981,353074,0
ddam-D1,D1,20181117,000000,991,1025,991,1025,346597,0
ddam-D1,D1,20181118,000000,1067,1068,975,1011,165329,0
ddam-D1,D1,20181119,000000,989,1050,989,1036,190395,0
ddam-D1,D1,20181120,000000,1080,1080,1007,1041,75622,0
ddam-D1,D1,20181121,000000,1020,1050,1018,1018,295151,0
ddam-D1,D1,20181124,000000,999,1039,967,967,98740,0
ddam-D1,D1,20181126,000000,928,1016,926,942,284547,0
ddam-D1,D1,20181127,000000,992,992,945,992,186301,0
ddam-D1,D1,20181128,000000,1033,1034,941,987,254077,0
ddam-D1,D1,20181201,000000,940,959,934,956,80759,0
ddam-D1,D1,20181202,000000,976,987,976,976,314714,0
ddam-D1,D1,20181203,000000,1021,1021,976,999,79711,0
ddam-D1,D1,20181204,000000,1011,1011,976,1001,155978,0
ddam-D1,D1,20181205,000000,1021,1021,987,1003,100378,0
ddam-D1,D1,20181208,000000,978,1009,978,999,250499,0
ddam-D1,D1,20181209,000000,999,1023,987,1011,375523,0
ddam-D1,D1,20181210,000000,999,1052,999,1033,241059,0
ddam-D1,D1,20181211,000000,1033,1051,1015,1020,264714,0
ddam-D1,D1,20181212,000000,1022,1067,1022,1067,472864,0
ddam-D1,D1,20181215,000000,1097,1097,1069,1096,330728,0
ddam-D1,D1,20181216,000000,1109,1142,1073,1073,213470,0
ddam-D1,D1,20181217,000000,1057,1079,1037,1040,198098,0
ddam-D1,D1,20181218,000000,1034,1034,1011,1013,138636,0
ddam-D1,D1,20181219,000000,982,1022,982,1022,105368,0
ddam-D1,D1,20181222,000000,1069,1069,1034,1055,162300,0
ddam-D1,D1,20181223,000000,1069,1090,1031,1057,189901,0
ddam-D1,D1,20181224,000000,1101,1101,1050,1094,147563,0
ddam-D1,D1,20181225,000000,1094,1094,1059,1059,31898,0
ddam-D1,D1,20181226,000000,1057,1099,1057,1085,230415,0
ddam-D1,D1,20181229,000000,1085,1098,1063,1090,91723,0
ddam-D1,D1,20181230,000000,1047,1102,1047,1071,92581,0
ddam-D1,D1,20181231,000000,1057,1089,1057,1079,139350,0
ddam-D1,D1,20190101,000000,1068,1085,1061,1083,206900,0
ddam-D1,D1,20190102,000000,1128,1128,1128,1128,55274,0
ddam-D1,D1,20190105,000000,1185,1185,1185,1185,50896,0
ddam-D1,D1,20190106,000000,1244,1244,1186,1235,1215216,0
ddam-D1,D1,20190107,000000,1229,1261,1171,1171,733894,0
ddam-D1,D1,20190108,000000,1144,1245,1144,1245,635575,0
ddam-D1,D1,20190109,000000,1284,1289,1241,1252,660192,0
ddam-D1,D1,20190112,000000,1275,1324,1209,1286,550852,0
ddam-D1,D1,20190113,000000,1320,1330,1264,1320,376762,0
ddam-D1,D1,20190114,000000,1320,1362,1314,1362,577643,0
ddam-D1,D1,20190115,000000,1410,1428,1378,1428,418500,0
ddam-D1,D1,20190116,000000,1469,1480,1378,1480,404395,0
ddam-D1,D1,20190119,000000,1549,1550,1504,1550,972618,0
ddam-D1,D1,20190120,000000,1585,1585,1468,1468,701830,0
ddam-D1,D1,20190121,000000,1492,1492,1419,1458,229336,0
ddam-D1,D1,20190122,000000,1492,1507,1424,1487,291110,0
ddam-D1,D1,20190123,000000,1492,1552,1492,1552,609318,0
ddam-D1,D1,20190126,000000,1617,1617,1617,1617,186259,0
ddam-D1,D1,20190127,000000,1698,1698,1698,1698,132523,0
ddam-D1,D1,20190128,000000,1768,1783,1725,1783,429013,0
ddam-D1,D1,20190129,000000,1856,1856,1776,1788,631002,0
ddam-D1,D1,20190130,000000,1848,1848,1733,1734,799060,0
ddam-D1,D1,20190202,000000,1791,1826,1670,1814,701339,0
ddam-D1,D1,20190317,000000,2020,2069,1919,2037,15309766,0
ddam-D1,D1,20190318,000000,2062,2062,2062,2062,1062419,0
ddam-D1,D1,20190319,000000,2165,2165,2165,2165,731190,0
ddam-D1,D1,20190325,000000,2272,2272,2080,2169,13443738,0
ddam-D1,D1,20190326,000000,2154,2209,2124,2153,6247002,0
ddam-D1,D1,20190327,000000,2154,2259,2126,2259,8477630,0
ddam-D1,D1,20190330,000000,2298,2304,2224,2304,4546136,0
ddam-D1,D1,20190331,000000,2388,2388,2283,2316,4494372,0
ddam-D1,D1,20190406,000000,2357,2366,2239,2239,6929432,0
ddam-D1,D1,20190407,000000,2297,2338,2231,2286,7293341,0
ddam-D1,D1,20190408,000000,2316,2378,2247,2358,4835784,0
ddam-D1,D1,20190409,000000,2338,2368,2288,2308,3489834,0
ddam-D1,D1,20190410,000000,2288,2423,2288,2373,10244848,0
ddam-D1,D1,20190413,000000,2376,2487,2373,2487,8939344,0
ddam-D1,D1,20190414,000000,2583,2583,2507,2583,4604750,0
ddam-D1,D1,20190415,000000,2710,2710,2710,2710,956464,0
ddam-D1,D1,20190416,000000,2745,2745,2575,2575,11023148,0
ddam-D1,D1,20190417,000000,2522,2597,2476,2545,3169656,0
ddam-D1,D1,20190420,000000,2557,2642,2557,2641,4613850,0
ddam-D1,D1,20190422,000000,2717,2717,2567,2587,7814516,0
ddam-D1,D1,20190423,000000,2685,2685,2537,2560,3577262,0
ddam-D1,D1,20190424,000000,2627,2727,2587,2727,5746214,0
ddam-D1,D1,20190427,000000,2824,2824,2786,2824,1796026,0
ddam-D1,D1,20190428,000000,2963,2963,2876,2963,9027976,0
ddam-D1,D1,20190429,000000,2965,3004,2807,2895,8189447,0
ddam-D1,D1,20190430,000000,2930,2935,2761,2865,5845762,0
ddam-D1,D1,20190501,000000,2885,2988,2867,2988,3992694,0
ddam-D1,D1,20190504,000000,3122,3122,3122,3122,1700571,0
ddam-D1,D1,20190505,000000,3277,3277,2986,3277,5970839,0
ddam-D1,D1,20190506,000000,3363,3422,3098,3353,8167126,0
ddam-D1,D1,20190507,000000,3274,3448,3120,3232,7634730,0
ddam-D1,D1,20190508,000000,3233,3420,3233,3420,6427694,0
ddam-D1,D1,20190511,000000,3581,3581,3469,3581,6359627,0
ddam-D1,D1,20190512,000000,3753,3753,3538,3753,11216085,0
ddam-D1,D1,20190518,000000,4367,4585,4367,4585,3309896,0
ddam-D1,D1,20190519,000000,4763,4763,4755,4762,3759759,0
ddam-D1,D1,20190520,000000,5001,5001,5001,5001,1613611,0
ddam-D1,D1,20190521,000000,5251,5251,5251,5251,550087,0
ddam-D1,D1,20190522,000000,5512,5512,5512,5512,1242041,0
ddam-D1,D1,20190525,000000,5788,5788,5788,5788,310667,0
ddam-D1,D1,20190526,000000,6032,6032,6032,6032,952975,0
ddam-D1,D1,20190528,000000,6333,6333,5730,6107,27908811,0
ddam-D1,D1,20190529,000000,6156,6300,6118,6300,5920931,0
ddam-D1,D1,20190601,000000,6536,6583,6327,6583,3162674,0
ddam-D1,D1,20190602,000000,6849,6849,6849,6849,2092179,0
ddam-D1,D1,20190608,000000,7191,7550,7191,7550,6513559,0
ddam-D1,D1,20190609,000000,7920,7920,7660,7920,4794825,0
ddam-D1,D1,20190610,000000,8315,8315,8315,8315,785143,0
ddam-D1,D1,20190611,000000,8730,8730,7959,8730,9371434,0
ddam-D1,D1,20190612,000000,8964,8965,8556,8965,21524040,0
ddam-D1,D1,20190615,000000,8934,9373,8482,9373,4465741,0
ddam-D1,D1,20190616,000000,9559,9570,8659,8659,12735463,0
ddam-D1,D1,20190617,000000,8682,8844,8682,8682,2348288,0
ddam-D1,D1,20190618,000000,8250,8250,8250,8250,281165,0
ddam-D1,D1,20190619,000000,7936,7936,7936,7936,215745,0
ddam-D1,D1,20190622,000000,7703,7703,7703,7703,84748,0
ddam-D1,D1,20190623,000000,7615,7615,7615,7615,493950,0
ddam-D1,D1,20190624,000000,7441,7995,7441,7995,3735008,0
ddam-D1,D1,20190625,000000,8207,8207,7566,7680,7969369,0
ddam-D1,D1,20190626,000000,7624,7909,7624,7624,2393518,0
ddam-D1,D1,20190630,000000,7251,7251,7251,7251,387281,0
ddam-D1,D1,20190701,000000,6889,7113,6889,7063,11735192,0
ddam-D1,D1,20190702,000000,7063,7251,6616,6755,6429992,0
ddam-D1,D1,20190703,000000,6984,6984,6585,6648,6656308,0
ddam-D1,D1,20190706,000000,6665,6894,6467,6506,5365793,0
ddam-D1,D1,20190707,000000,6565,6565,6269,6406,5415052,0
ddam-D1,D1,20190708,000000,6697,7032,6697,7032,3751863,0
ddam-D1,D1,20190709,000000,7313,7313,6626,7262,8822052,0
ddam-D1,D1,20190710,000000,7402,7402,6820,6868,10609470,0
ddam-D1,D1,20190713,000000,6817,6914,6672,6679,4923643,0
ddam-D1,D1,20190714,000000,6714,7012,6367,6890,3209147,0
ddam-D1,D1,20190715,000000,6964,6964,6616,6902,1701837,0
ddam-D1,D1,20190716,000000,6467,6566,6403,6403,1171941,0
ddam-D1,D1,20190717,000000,6118,6611,6118,6437,6635540,0
ddam-D1,D1,20190720,000000,6467,6467,6041,6059,3001098,0
ddam-D1,D1,20190721,000000,6268,6405,5847,6286,3659678,0
ddam-D1,D1,20190722,000000,6467,6502,6362,6502,3435397,0
ddam-D1,D1,20190723,000000,6705,6705,6166,6263,2247970,0
ddam-D1,D1,20190724,000000,6366,6366,6069,6208,1336920,0
ddam-D1,D1,20190727,000000,6335,6367,6170,6218,1910341,0
ddam-D1,D1,20190728,000000,6470,6470,6248,6367,1365382,0
ddam-D1,D1,20190729,000000,6536,6536,6218,6287,1290053,0
ddam-D1,D1,20190730,000000,6327,6337,6119,6217,1576726,0
ddam-D1,D1,20190731,000000,6153,6287,6074,6207,1907239,0
ddam-D1,D1,20190803,000000,6406,6406,6199,6312,1274856,0
ddam-D1,D1,20190804,000000,6624,6624,6389,6624,1395241,0
ddam-D1,D1,20190805,000000,6936,6936,6864,6936,1775822,0
ddam-D1,D1,20190806,000000,7282,7282,6705,6795,4979863,0
ddam-D1,D1,20190807,000000,6795,6806,6590,6664,3164696,0
ddam-D1,D1,20190810,000000,6820,6820,6412,6501,2457722,0
ddam-D1,D1,20190811,000000,6715,6853,6515,6853,4336057,0
ddam-D1,D1,20190813,000000,6853,6974,6580,6765,2514479,0
ddam-D1,D1,20190814,000000,6944,6964,6665,6855,2812540,0
ddam-D1,D1,20190817,000000,6912,7063,6894,7014,3313460,0
ddam-D1,D1,20190818,000000,7063,7233,7063,7083,4382952,0
ddam-D1,D1,20190819,000000,7175,7362,7173,7317,3569192,0
ddam-D1,D1,20190821,000000,7392,7490,7149,7262,3355444,0
ddam-D1,D1,20190824,000000,7276,7671,7276,7671,5691580,0
ddam-D1,D1,20190825,000000,7969,7969,7265,7670,5041739,0
ddam-D1,D1,20190826,000000,7859,7964,7680,7962,4359925,0
ddam-D1,D1,20190827,000000,8237,8237,7604,8011,3730568,0
ddam-D1,D1,20190828,000000,7568,8158,7568,7890,10004796,0
ddam-D1,D1,20190831,000000,8146,8146,7551,7765,3426042,0
ddam-D1,D1,20190901,000000,7859,7859,7497,7675,1957531,0
ddam-D1,D1,20190902,000000,7680,7710,7296,7392,4058352,0
ddam-D1,D1,20190903,000000,7352,7650,7185,7559,2433103,0
ddam-D1,D1,20190904,000000,7559,7839,7414,7832,2690952,0
ddam-D1,D1,20190907,000000,8038,8118,7929,8118,4300117,0
ddam-D1,D1,20190908,000000,8465,8476,8279,8476,2971223,0
ddam-D1,D1,20190911,000000,8861,8861,8861,8861,3416653,0
ddam-D1,D1,20190914,000000,9304,9304,9304,9304,1129929,0
ddam-D1,D1,20190915,000000,9768,9768,8839,9202,11823148,0
ddam-D1,D1,20190916,000000,8954,9450,8944,8954,7954597,0
ddam-D1,D1,20190917,000000,8814,9053,8639,8785,6870194,0
ddam-D1,D1,20190918,000000,8505,8952,8263,8342,4326917,0
ddam-D1,D1,20190921,000000,8969,8969,8969,8969,700717,0
ddam-D1,D1,20190922,000000,9416,9416,9416,9416,691291,0
ddam-D1,D1,20190923,000000,9887,9887,9887,9887,576959,0
ddam-D1,D1,20190924,000000,10380,10380,9780,10380,13952807,0
ddam-D1,D1,20190925,000000,10595,10743,10296,10743,3671886,0
ddam-D1,D1,20190928,000000,11198,11198,11198,11198,738444,0
ddam-D1,D1,20190929,000000,11757,11757,11757,11757,284203,0
ddam-D1,D1,20191001,000000,12211,12821,11941,12192,11883001,0
ddam-D1,D1,20191002,000000,12525,13142,11949,13142,11749059,0
ddam-D1,D1,20191005,000000,13172,13172,12074,12784,10853877,0
ddam-D1,D1,20191006,000000,11842,11888,11842,11842,2097963,0
ddam-D1,D1,20191007,000000,11251,11251,11251,11251,740999,0
ddam-D1,D1,20191008,000000,10689,10689,10689,10689,323818,0
ddam-D1,D1,20191009,000000,10219,10219,10219,10219,1356934,0
ddam-D1,D1,20191012,000000,10147,10729,10147,10729,6984039,0
ddam-D1,D1,20191013,000000,11140,11140,10461,11129,5577289,0
ddam-D1,D1,20191014,000000,11129,11129,10484,10484,1797721,0
ddam-D1,D1,20191015,000000,10041,10041,10041,10041,314376,0
ddam-D1,D1,20191016,000000,9622,9622,9622,9622,617348,0
ddam-D1,D1,20191020,000000,9142,9142,9142,9142,505880,0
ddam-D1,D1,20191021,000000,8685,9598,8685,9598,6206488,0
ddam-D1,D1,20191022,000000,9577,9577,8954,9577,5571934,0
ddam-D1,D1,20191023,000000,9717,9717,9013,9243,5851010,0
ddam-D1,D1,20191026,000000,8954,8954,8738,8854,3805920,0
ddam-D1,D1,20191028,000000,9192,9192,9153,9192,2862402,0
ddam-D1,D1,20191030,000000,9652,9652,9652,9652,495284,0
ddam-D1,D1,20191102,000000,10135,10135,9660,10135,6222589,0
ddam-D1,D1,20191103,000000,10237,10560,9750,10405,2326688,0
ddam-D1,D1,20191104,000000,10789,10789,9857,9939,3060084,0
ddam-D1,D1,20191105,000000,9671,10304,9668,9766,2323242,0
ddam-D1,D1,20191109,000000,9937,10165,9403,9750,1894211,0
ddam-D1,D1,20191110,000000,9849,9849,9297,9411,2751425,0
ddam-D1,D1,20191111,000000,9551,9803,9352,9803,2488046,0
ddam-D1,D1,20191112,000000,10210,10210,9948,10210,1748972,0
ddam-D1,D1,20191113,000000,10643,10643,9949,10237,2257565,0
ddam-D1,D1,20191116,000000,10694,10694,9849,9946,2357844,0
ddam-D1,D1,20191117,000000,9618,10629,9618,10313,6198522,0
ddam-D1,D1,20191118,000000,10496,10701,10208,10701,2999826,0
ddam-D1,D1,20191119,000000,11196,11196,11196,11196,1018768,0
ddam-D1,D1,20191120,000000,11755,11755,11536,11755,54872489,0
ddam-D1,D1,20191123,000000,12340,12340,12340,12340,599020,0
ddam-D1,D1,20191124,000000,12957,12957,12957,12957,977239,0
ddam-D1,D1,20191125,000000,13605,13605,13605,13605,1481529,0
ddam-D1,D1,20191126,000000,14284,14284,14284,14284,6189319,0
ddam-D1,D1,20191127,000000,14575,14997,13571,14997,37257218,0
ddam-D1,D1,20191130,000000,15197,15197,15197,15197,881114,0
ddam-D1,D1,20191202,000000,15956,16753,15956,16753,18459232,0
ddam-D1,D1,20191203,000000,16912,17482,16912,17482,14608781,0
ddam-D1,D1,20191204,000000,18251,18251,18251,18251,2970893,0
ddam-D1,D1,20191207,000000,19164,19164,18305,19164,12089815,0
ddam-D1,D1,20191208,000000,20081,20081,19643,20081,13333515,0
ddam-D1,D1,20191209,000000,19897,20081,19074,19074,5591498,0
ddam-D1,D1,20191210,000000,18374,18374,18374,18374,435607,0
ddam-D1,D1,20191211,000000,17456,17456,17456,17456,1788981,0
ddam-D1,D1,20191214,000000,17609,18328,17609,18328,6833208,0
ddam-D1,D1,20191215,000000,18996,18996,17187,17192,33908830,0
ddam-D1,D1,20191216,000000,17697,17754,16876,16891,16148993,0
ddam-D1,D1,20191217,000000,17111,17659,17030,17615,7720186,0
ddam-D1,D1,20191218,000000,17748,17748,16573,16713,7104331,0
ddam-D1,D1,20191221,000000,16873,17693,16515,17693,13370036,0
ddam-D1,D1,20191222,000000,18005,18074,17263,17557,5180484,0
ddam-D1,D1,20191223,000000,17111,17410,16833,16833,9133321,0
ddam-D1,D1,20191224,000000,16554,17310,16316,16462,4351082,0
ddam-D1,D1,20191225,000000,16654,17209,16306,16912,4623977,0
ddam-D1,D1,20191228,000000,17350,17360,17012,17065,3967876,0
ddam-D1,D1,20191229,000000,17509,17599,16615,16736,5634184,0
ddam-D1,D1,20191230,000000,17380,17380,16814,16834,5526286,0
ddam-D1,D1,20191231,000000,16912,16912,16117,16406,4941699,0
ddam-D1,D1,20200101,000000,16206,16813,16052,16068,5609122,0
ddam-D1,D1,20200104,000000,15463,15463,15463,15463,607549,0
ddam-D1,D1,20200105,000000,14690,15450,14690,14690,5442075,0
ddam-D1,D1,20200107,000000,14010,14565,14010,14010,2638891,0
ddam-D1,D1,20200108,000000,13774,13774,13774,13774,242294,0
ddam-D1,D1,20200111,000000,14146,14146,14146,14146,372800,0
ddam-D1,D1,20200112,000000,14852,14852,14852,14852,375556,0
ddam-D1,D1,20200113,000000,15594,15594,15594,15594,392054,0
ddam-D1,D1,20200114,000000,16373,16373,15594,16373,6643753,0
ddam-D1,D1,20200115,000000,16373,17103,16117,17103,4889490,0
ddam-D1,D1,20200118,000000,17309,17718,16680,16990,6023763,0
ddam-D1,D1,20200119,000000,17258,17258,16433,16472,5423330,0
ddam-D1,D1,20200120,000000,16716,17110,16166,16703,4377208,0
ddam-D1,D1,20200121,000000,16890,17062,16597,16654,3544499,0
ddam-D1,D1,20200122,000000,17111,17410,16817,17101,4824773,0
ddam-D1,D1,20200125,000000,17507,17889,17183,17889,5120345,0
ddam-D1,D1,20200126,000000,18504,18504,17244,17906,6499594,0
ddam-D1,D1,20200127,000000,17420,17962,17400,17416,3622910,0
ddam-D1,D1,20200128,000000,17231,17808,16804,16949,4237340,0
ddam-D1,D1,20200201,000000,17400,17400,16336,16445,5157804,0
ddam-D1,D1,20200202,000000,16580,17437,16580,17437,4569914,0
ddam-D1,D1,20200203,000000,17897,17897,17012,17062,5560556,0
ddam-D1,D1,20200204,000000,17400,17400,16524,16662,3775151,0
ddam-D1,D1,20200205,000000,16536,17532,16536,17185,4199097,0
ddam-D1,D1,20200208,000000,17568,17569,16476,17082,4138244,0
ddam-D1,D1,20200209,000000,17091,17091,16514,16614,5534387,0
ddam-D1,D1,20200210,000000,16853,16853,15841,16012,4203986,0
ddam-D1,D1,20200212,000000,16404,16881,15869,16881,3242033,0
ddam-D1,D1,20200215,000000,17518,17518,16702,17160,3512042,0
ddam-D1,D1,20200216,000000,17390,17390,16617,16773,3336114,0
ddam-D1,D1,20200217,000000,16912,16912,16262,16296,3586333,0
ddam-D1,D1,20200218,000000,16514,16902,15819,16574,3572723,0
ddam-D1,D1,20200219,000000,17012,17082,16790,17067,4768020,0
ddam-D1,D1,20200222,000000,16133,17831,16133,17831,3870350,0
ddam-D1,D1,20200223,000000,18386,18386,18386,18386,925805,0
ddam-D1,D1,20200224,000000,19305,19305,18720,19305,7815156,0
ddam-D1,D1,20200225,000000,20148,20149,19307,20149,3705439,0
ddam-D1,D1,20200226,000000,21110,21110,19408,19549,10307232,0
ddam-D1,D1,20200229,000000,19436,21289,19434,20971,10140729,0
ddam-D1,D1,20200301,000000,21320,21321,21108,21321,4046375,0
ddam-D1,D1,20200302,000000,22369,22372,21489,22372,6775767,0
ddam-D1,D1,20200303,000000,23269,23381,22782,23381,4329975,0
ddam-D1,D1,20200304,000000,24264,24264,22106,22106,8663565,0
ddam-D1,D1,20200307,000000,21416,21416,21416,21416,1123061,0
ddam-D1,D1,20200309,000000,20732,20732,20732,20732,388054,0
ddam-D1,D1,20200310,000000,20549,20549,20549,20549,1142758,0
ddam-D1,D1,20200311,000000,20017,20892,20017,20017,6608712,0
ddam-D1,D1,20200314,000000,19222,19996,19222,19222,2562004,0
ddam-D1,D1,20200315,000000,18397,18830,17477,18056,5241418,0
ddam-D1,D1,20200316,000000,18116,18996,18116,18996,3562722,0
ddam-D1,D1,20200317,000000,19817,19817,17939,18291,4454923,0
ddam-D1,D1,20200318,000000,17928,19201,17928,19151,3330828,0
ddam-D1,D1,20200324,000000,19648,19816,18428,19816,2147460,0
ddam-D1,D1,20200325,000000,20322,20322,20195,20322,1634178,0
ddam-D1,D1,20200328,000000,20950,20950,20950,20950,1347254,0
ddam-D1,D1,20200329,000000,21515,21515,20096,20386,5843763,0
ddam-D1,D1,20200330,000000,20096,20862,19953,20470,5909598,0
ddam-D1,D1,20200404,000000,21188,21188,20424,21188,4366511,0
ddam-D1,D1,20200405,000000,21978,21978,19996,20087,6104457,0
ddam-D1,D1,20200406,000000,20591,20591,19604,19686,4315362,0
ddam-D1,D1,20200407,000000,19700,20676,19700,20676,4263577,0
ddam-D1,D1,20200408,000000,21369,21369,20451,20483,5159563,0
ddam-D1,D1,20200411,000000,20480,21769,19907,21769,7724881,0
ddam-D1,D1,20200412,000000,22365,22370,21887,22370,2726191,0
ddam-D1,D1,20200413,000000,23279,23279,21260,21538,5407983,0
ddam-D1,D1,20200414,000000,20808,21439,20808,20808,3422747,0
ddam-D1,D1,20200415,000000,19928,21718,19928,20892,5152128,0
ddam-D1,D1,20200418,000000,21981,21981,21708,21981,4278456,0
ddam-D1,D1,20200419,000000,23019,23019,20935,21005,7454772,0
ddam-D1,D1,20200420,000000,21388,22864,21026,21688,4826343,0
ddam-D1,D1,20200421,000000,21827,21827,20892,21091,6052396,0
ddam-D1,D1,20200422,000000,21389,22132,21092,22132,7206576,0
ddam-D1,D1,20200425,000000,22922,22922,22533,22922,4458213,0
ddam-D1,D1,20200426,000000,24051,24051,21767,22136,10059749,0
ddam-D1,D1,20200427,000000,22872,22881,22027,22115,5935581,0
ddam-D1,D1,20200428,000000,22106,23401,21708,23180,9114138,0
ddam-D1,D1,20200429,000000,23513,23513,23200,23513,3814490,0
ddam-D1,D1,20200502,000000,24656,24656,24656,24656,2235425,0
ddam-D1,D1,20200503,000000,25889,25889,25647,25647,3180021,0
ddam-D1,D1,20200504,000000,25645,25886,24594,24594,9133317,0
ddam-D1,D1,20200505,000000,24871,24871,23685,23685,4211502,0
ddam-D1,D1,20200506,000000,22903,25313,22903,25313,10237726,0
ddam-D1,D1,20200509,000000,25566,25566,25566,25566,1067562,0
ddam-D1,D1,20200510,000000,26233,26233,24075,26233,15596492,0
ddam-D1,D1,20200511,000000,26615,27426,24815,27426,12660954,0
ddam-D1,D1,20200512,000000,27779,27779,26130,27779,20613812,0
ddam-D1,D1,20200513,000000,26365,28786,26200,26363,10789799,0
ddam-D1,D1,20200520,000000,28788,28788,27349,27349,2425766,0
ddam-D1,D1,20200523,000000,26340,26340,26340,26340,193832,0
ddam-D1,D1,20200526,000000,26199,26199,26199,26199,89300,0
ddam-D1,D1,20200527,000000,26134,26134,26134,26134,255201,0
ddam-D1,D1,20200530,000000,25949,25949,25949,25949,929410,0
ddam-D1,D1,20200531,000000,25290,25290,25290,25290,298431,0
ddam-D1,D1,20200601,000000,25084,25084,25084,25084,517591,0
ddam-D1,D1,20200602,000000,24730,25991,24730,25520,15020537,0
ddam-D1,D1,20200606,000000,25880,26307,24741,26307,7399891,0
ddam-D1,D1,20200607,000000,26749,26860,25000,25000,6335719,0
ddam-D1,D1,20200608,000000,24919,27541,24919,24919,6584803,0
ddam-D1,D1,20200610,000000,27000,27000,25650,25700,5749828,0
ddam-D1,D1,20200613,000000,25720,25730,25100,25550,3168131,0
ddam-D1,D1,20200614,000000,26000,26880,24720,26880,10237033,0
ddam-D1,D1,20200615,000000,27180,27180,27180,27180,1813683,0
ddam-D1,D1,20200616,000000,28440,28440,27450,28100,4316559,0
ddam-D1,D1,20200620,000000,28400,28400,26930,26930,11172429,0
ddam-D1,D1,20200621,000000,26600,27230,25920,26940,7467636,0
ddam-D1,D1,20200622,000000,27100,27730,26500,27730,6737348,0
ddam-D1,D1,20200623,000000,28500,28820,26200,26480,8927383,0
ddam-D1,D1,20200624,000000,26490,27880,26490,26500,5004997,0
ddam-D1,D1,20200627,000000,26220,27800,26220,26690,3898784,0
ddam-D1,D1,20200628,000000,27590,27600,25600,25600,6113314,0
ddam-D1,D1,20200629,000000,24810,26500,24800,25710,4950352,0
