Date,Time,Open,High,Low,Close,Volume
20160314,000000,74000,74000,74000,74000,32197000
20160315,000000,77700,77700,77700,77700,51061
20160316,000000,81585,81585,79000,81585,13260122
20160326,000000,82000,82000,80120,81000,2252836
20160327,000000,80593,80597,77728,78791,2308212
20160328,000000,78000,79996,77900,79027,1118421
20160329,000000,78911,79078,76000,77700,1533429
20160330,000000,77900,79151,77850,79000,1333892
20160402,000000,78621,78621,76551,77250,1044391
20160403,000000,77000,77200,75592,76441,1030896
20160404,000000,76460,78300,75700,75797,770070
20160405,000000,76050,78100,75685,78000,1224593
20160406,000000,79000,80200,78200,78339,1045270
20160409,000000,79126,79990,78900,79800,1208819
20160410,000000,79890,79890,77250,77310,420236
20160411,000000,77205,77680,76990,77100,345206
20160412,000000,77200,79000,77150,77500,540473
20160413,000000,77500,77500,76500,77400,871844
20160416,000000,77070,77500,75000,75050,1060939
20160417,000000,75009,75561,74511,75150,571803
20160418,000000,75189,77000,75001,75271,406217
20160419,000000,75500,75999,74810,75009,431583
20160420,000000,75000,75800,74850,75001,410916
20160423,000000,75140,75140,75000,75074,383626
20160424,000000,75108,76449,75000,76100,345714
20160425,000000,76390,76650,76009,76380,381796
20160426,000000,77689,79500,77100,77800,744231
20160427,000000,77899,77899,75602,75700,354604
20160430,000000,75200,77968,75001,76002,381095
20160501,000000,76000,76398,74954,74955,286714
20160502,000000,75700,76498,75700,75740,568042
20160503,000000,75500,75649,74800,75500,380290
20160504,000000,75500,75545,74860,75000,336859
20160507,000000,74550,75495,74550,75200,662662
20160508,000000,75100,75300,75050,75202,558177
20160509,000000,75250,75699,75250,75250,352450
20160510,000000,74515,75340,74515,75253,738281
20160511,000000,75250,75280,75250,75254,829892
20160514,000000,75200,75200,74750,74900,193912
20160515,000000,74901,74989,74540,74850,362877
20160516,000000,74900,74903,74751,74900,218898
20160517,000000,74700,74900,74700,74865,261791
20160518,000000,74900,74900,74800,74890,278661
20160521,000000,74870,74883,74610,74860,225402
20160523,000000,74870,75400,74545,75300,606462
20160524,000000,75400,75500,73337,75240,493448
20160525,000000,75050,75200,74800,75070,187942
20160528,000000,74803,78795,74800,75500,470071
20160529,000000,76600,76755,75000,75200,702538
20160530,000000,76996,77100,76000,76500,429146
20160531,000000,76796,76796,74994,75000,82728
20160601,000000,75250,75251,74880,75155,234680
20160605,000000,75400,75400,74905,75120,154197
20160606,000000,74909,75150,74603,74899,132812
20160607,000000,75000,75100,74100,74700,211244
20160608,000000,74900,74902,74550,74600,374555
20160611,000000,74638,74900,74400,74410,256668
20160612,000000,74501,74512,73956,74000,606558
20160613,000000,74010,74440,73900,74148,372886
20160614,000000,74001,74100,73900,74100,1040409
20160705,000000,11550,12000,11411,11670,744175
20160709,000000,11797,11797,11155,11200,235722
20160710,000000,11299,11299,10800,10900,166517
20160711,000000,11010,11010,10808,10830,156037
20160712,000000,10800,10800,10295,10295,127950
20160713,000000,10249,10249,10000,10100,178656
20160716,000000,10200,10200,10051,10063,73565
20160717,000000,10100,10396,10100,10106,130536
20160718,000000,10100,10296,10100,10121,53540
20160719,000000,10110,10680,10110,10680,218328
20160720,000000,10681,11061,10681,11061,217789
20160723,000000,11166,11445,11166,11202,325782
20160724,000000,11180,11269,11050,11084,137666
20160725,000000,11001,11001,10801,10833,96376
20160726,000000,10831,10831,10500,10670,57389
20160727,000000,10760,10830,10750,10750,48178
20160731,000000,10750,10800,10520,10748,24874
20160801,000000,10620,10800,10525,10532,28530
20160802,000000,10530,10970,10530,10792,62444
20160803,000000,10950,10970,10779,10780,50226
20160806,000000,10640,10994,10640,10890,73442
20160807,000000,10707,10898,10700,10701,52568
20160808,000000,10899,10899,10500,10646,85847
20160809,000000,10798,10798,10417,10490,24872
20160810,000000,10749,10749,10300,10303,64662
20160813,000000,10335,10450,10301,10301,75359
20160814,000000,10303,10450,10303,10305,68946
20160815,000000,10350,10525,10309,10320,45200
20160816,000000,10320,10490,10301,10302,43741
20160817,000000,10300,10399,10229,10350,53155
20160820,000000,10220,10301,10100,10300,77399
20160821,000000,10150,10683,10150,10683,251724
20160822,000000,10701,11134,10701,11001,421996
20160823,000000,11040,11397,10622,11050,190627
20160824,000000,10600,11098,10558,10647,50207
20160827,000000,10611,10945,10600,10890,114273
20160828,000000,10999,11355,10998,11155,588345
20160829,000000,10639,10900,10639,10900,2568542
20160830,000000,10201,10401,10130,10150,470382
20160831,000000,10154,10222,10090,10100,492422
20160903,000000,10150,10189,9721,10000,465810
20160904,000000,9970,9999,9750,9850,541114
20160905,000000,9752,9800,9750,9796,256193
20160906,000000,9800,9890,9700,9746,320944
20160907,000000,9703,9710,9502,9521,347529
20160910,000000,9500,9500,9420,9434,369812
20160911,000000,9420,9439,9282,9330,422649
20160913,000000,9030,9298,9030,9101,832683
20160914,000000,9063,9390,9062,9164,254883
20160917,000000,9155,9290,9030,9031,266579
20160918,000000,9100,9100,9035,9065,336958
20160919,000000,9046,9100,9031,9065,270263
20160921,000000,9078,9078,9001,9025,753190
20160924,000000,9099,9243,9036,9042,407781
20160925,000000,9063,9240,9063,9101,794151
20160926,000000,9100,9190,9090,9150,501328
20160927,000000,9121,9590,9121,9590,882519
20160928,000000,9650,9864,9650,9864,1018573
20161001,000000,9888,10303,9651,10140,1488510
20161002,000000,10000,10500,9752,10500,1386642
20161003,000000,10203,10380,10100,10380,893763
20161004,000000,10100,10460,10100,10199,683132
20161005,000000,10110,10199,9800,9808,463366
20161008,000000,9800,9800,9614,9774,201885
20161009,000000,9770,9951,9500,9950,374249
20161010,000000,9790,10000,9788,10000,587929
20161015,000000,9900,10001,9720,9812,406113
20161016,000000,9969,10000,9740,9810,1029079
20161017,000000,9800,9970,9610,9750,609081
20161018,000000,9880,10050,9820,10000,1649186
20161019,000000,10040,10200,9981,10100,1267611
20161022,000000,9809,10170,9809,9900,2548508
20161023,000000,9901,9950,9630,9634,758845
20161024,000000,9705,9840,9590,9600,886802
20161025,000000,9770,9770,9501,9535,755588
20161026,000000,9547,9571,9430,9460,967985
20161029,000000,9574,9574,9400,9490,1474543
20161030,000000,9464,9560,9350,9422,912973
20161031,000000,9300,9840,9300,9680,1117110
20161101,000000,9680,9806,9504,9745,787975
20161102,000000,9711,9956,9711,9850,781918
20161105,000000,9899,9950,9800,9900,803879
20161106,000000,9905,9905,9673,9700,258875
20161107,000000,9790,9850,9660,9749,120730
20161108,000000,9620,9650,9500,9584,220396
20161109,000000,9202,9400,9100,9300,488291
20161112,000000,9300,9330,9180,9250,262688
20161113,000000,9171,9265,9171,9205,241856
20161114,000000,9202,9300,9199,9210,253049
20161115,000000,9201,9226,9120,9151,279588
20161116,000000,9150,9200,9011,9110,854669
20161119,000000,9110,9170,9061,9091,256905
20161121,000000,9100,9199,9080,9081,226812
20161122,000000,9130,9130,9055,9085,270315
20161123,000000,9060,9098,9031,9062,193267
20161126,000000,9020,9150,9010,9049,377084
20161127,000000,9150,9150,8990,9040,736567
20161129,000000,9139,9139,8921,9040,265020
20161203,000000,8950,9090,8875,8932,394921
20161204,000000,8888,8999,8650,8695,299559
20161205,000000,8810,8958,8296,8885,756673
20161206,000000,8899,8910,8781,8855,149463
20161207,000000,8900,9000,8700,8751,1103928
20161210,000000,9000,9045,8802,8900,175255
20161211,000000,8989,8989,8777,8800,264046
20161212,000000,8945,8945,8750,8800,234546
20161213,000000,8800,8830,8700,8750,247434
20161214,000000,8750,8790,8641,8699,474609
20161218,000000,8699,8800,8550,8769,338522
20161219,000000,8780,8790,8602,8700,202769
20161220,000000,8750,8779,8500,8590,285209
20161221,000000,8599,8681,8507,8599,218381
20161224,000000,8630,8680,8420,8600,311879
20161225,000000,8637,8637,8400,8489,149523
20161226,000000,8490,8600,8330,8400,302736
20161227,000000,8400,8549,8341,8440,416236
20161228,000000,8448,8597,8300,8548,650219
20161231,000000,8597,8608,8351,8500,125968
20170101,000000,8499,8500,8337,8500,262324
20170102,000000,8510,8536,8361,8489,123491
20170103,000000,8350,8448,8300,8447,162819
20170104,000000,8485,8485,8200,8200,213444
20170107,000000,8400,8420,8132,8280,324045
20170108,000000,8151,8249,8121,8130,208267
20170109,000000,8112,8200,8010,8179,493281
20170111,000000,8014,8090,7800,8000,619934
20170114,000000,7901,8380,7901,8337,349088
20170115,000000,8350,8545,8000,8450,327828
20170116,000000,8499,8640,8303,8439,187146
20170117,000000,8489,8630,8316,8499,287780
20170118,000000,8549,8549,8251,8460,870396
20170121,000000,8300,8410,8015,8250,215713
20170122,000000,8250,8400,8030,8150,123824
20170123,000000,8286,8392,8100,8390,314835
20170124,000000,8385,8500,8200,8343,425006
20170125,000000,8498,8588,8247,8362,282827
20170128,000000,8578,8578,8281,8301,187819
20170129,000000,8599,8599,8314,8390,310428
20170130,000000,8499,8522,8346,8352,258411
20170131,000000,8588,8588,8350,8351,336948
20170201,000000,8370,8370,8180,8204,179377
20170204,000000,8499,8499,8132,8169,193592
20170205,000000,8450,8450,8068,8120,355919
20170206,000000,8083,8400,8083,8178,320738
20170207,000000,8324,8398,8145,8200,270528
20170208,000000,8221,8221,7900,7990,581231
20170211,000000,8066,8294,8000,8070,186792
20170212,000000,8130,8300,8072,8113,416508
20170213,000000,8268,8449,8211,8222,587863
20170227,000000,8350,8350,8021,8100,369734
20170228,000000,8010,8149,7960,8080,344329
20170301,000000,8090,8090,7940,7980,398573
20170304,000000,7947,8350,7878,8070,700128
20170305,000000,8050,8170,7918,8038,262813
20170306,000000,8139,8139,7950,8019,157052
20170307,000000,8000,8130,7941,7960,150771
20170308,000000,7941,7960,7700,7726,249552
20170311,000000,7930,7930,7410,7829,445087
20170312,000000,7896,7998,7685,7900,299417
20170313,000000,7716,8118,7716,7995,960724
20170314,000000,7995,8300,7840,8250,1345217
20170315,000000,8120,8602,8120,8602,1017971
20170318,000000,8700,8888,8700,8840,433977
20170325,000000,8770,9000,8651,8955,243175
20170326,000000,8762,9010,8760,8939,121389
20170327,000000,8949,9086,8801,8975,137200
20170328,000000,8998,9100,8802,8943,204955
20170329,000000,8940,9080,8812,8888,305530
20170403,000000,8994,9036,8800,8800,283161
20170404,000000,8938,9099,8823,8850,178548
20170405,000000,9090,9090,8801,8820,243987
20170408,000000,8950,9029,8701,8753,231278
20170409,000000,8562,8800,8520,8600,112488
20170410,000000,8990,8990,8671,8797,289443
20170412,000000,8990,8990,8750,8950,509984
20170415,000000,8999,8999,8720,8780,447582
20170416,000000,8915,8915,8642,8800,331680
20170417,000000,8749,8829,8555,8699,267184
20170418,000000,8800,8877,8518,8690,348075
20170419,000000,8700,8800,8350,8754,296470
20170422,000000,8580,8899,8251,8680,313960
20170423,000000,8477,8799,8430,8621,457058
20170424,000000,8481,8849,8480,8849,746726
20170426,000000,8576,8899,8576,8730,277598
20170429,000000,8532,8989,8532,8910,663215
20170430,000000,8900,9100,8771,9100,1089372
20170501,000000,8930,9192,8911,9192,712686
20170502,000000,9161,9299,9120,9298,592176
20170503,000000,9054,9370,9052,9102,681673
20170506,000000,9399,9500,9201,9215,385479
20170507,000000,9215,9500,9162,9438,316250
20170508,000000,9744,9744,9401,9550,854587
20170509,000000,9900,9900,9545,9590,718884
20170510,000000,9500,9899,9500,9700,553537
20170513,000000,9920,9920,9591,9780,501323
20170514,000000,9841,9842,9602,9602,148393
20170515,000000,9602,9602,9202,9398,197102
20170516,000000,9450,9450,9000,9030,81838
20170517,000000,9421,9422,9000,9103,116691
20170520,000000,9299,9390,9044,9107,44092
20170521,000000,9368,9370,9082,9150,35254
20170522,000000,9259,9300,9104,9195,64986
20170523,000000,9289,9289,9040,9053,66716
20170524,000000,9001,9100,8999,9001,63144
20170527,000000,8961,9150,8881,8900,104226
20170528,000000,8970,9099,8951,9029,118880
20170529,000000,9000,9098,8851,8851,64983
20170530,000000,8950,9094,8667,9010,60741
20170531,000000,8751,9230,8751,9008,291926
20170603,000000,9432,9510,9115,9297,405989
20170606,000000,9757,9757,9100,9310,438791
20170607,000000,9729,9729,9142,9550,1540040
20170614,000000,8253,8300,8253,8300,5511
20170617,000000,8390,8390,7701,8067,107293
20170618,000000,7892,8060,7810,7855,46479
20170619,000000,7859,8000,7800,7800,74103
20170620,000000,7770,7800,7732,7798,105376
20170621,000000,7731,7797,7623,7652,58353
20170624,000000,7555,7663,7550,7615,96103
20170625,000000,7663,8499,7663,8000,425965
20170628,000000,8000,8450,8000,8200,380971
20170701,000000,8172,8200,8013,8050,67692
20170702,000000,8016,8070,8000,8070,86145
20170703,000000,7951,8027,7902,8027,23577
20170704,000000,8110,8110,7914,7915,25012
20170705,000000,8100,8100,7916,7917,33476
20170708,000000,7911,7911,7701,7737,41691
20170709,000000,7860,7860,7602,7775,106707
20170710,000000,7715,7720,7615,7615,44277
20170711,000000,7700,7899,7601,7651,52278
20170712,000000,7800,7800,7570,7588,51248
20170715,000000,7667,7667,7562,7600,84846
20170716,000000,7600,7600,7525,7589,70076
20170717,000000,7535,7588,7461,7462,74707
20170718,000000,7452,7570,7398,7400,382210
20170719,000000,7401,7579,7371,7570,211657
20170722,000000,7640,7888,7450,7630,134309
20170723,000000,7530,7749,7530,7695,45269
20170724,000000,7670,7670,7537,7561,38888
20170725,000000,7503,7660,7457,7470,75362
20170726,000000,7553,7553,7413,7413,71092
20170729,000000,7416,7500,7412,7498,148770
20170730,000000,7549,7549,7373,7485,128108
20170731,000000,7385,7548,7385,7530,104219
20170801,000000,7541,7700,7450,7450,154587
20170802,000000,7430,7538,7400,7401,107161
20170806,000000,7411,7469,7400,7405,9010
20170807,000000,7406,7570,7381,7504,119979
20170808,000000,7499,7500,7380,7380,82369
20170809,000000,7450,7490,7201,7462,140342
20170812,000000,7341,7490,7341,7444,64384
20170813,000000,7444,7550,7340,7350,88604
20170814,000000,7356,7358,7342,7350,20283
20170815,000000,7341,7400,7310,7311,30285
20170816,000000,7310,7310,7235,7238,104179
20170819,000000,7371,7450,7237,7239,132960
20170820,000000,7250,7550,7237,7490,434337
20170821,000000,7789,7789,7400,7425,258830
20170822,000000,7950,7950,7534,7800,345220
20170823,000000,8050,8050,7672,7825,199586
20170826,000000,7790,7858,7599,7601,101586
20170827,000000,7600,7601,7303,7411,72684
20170828,000000,7540,7789,7400,7698,56546
20170829,000000,7698,7789,7472,7473,69282
20170830,000000,7500,7745,7409,7600,131617
20170902,000000,7418,7497,7400,7410,57973
20170903,000000,7598,7750,7411,7430,85634
20170904,000000,7700,7788,7421,7467,298413
20170905,000000,7438,7776,7438,7699,122392
20170906,000000,7948,7948,7600,7769,257565
20170910,000000,7790,8040,7700,7900,386726
20170911,000000,7979,8170,7905,7988,383864
20170912,000000,8000,8130,7802,7970,113214
20170913,000000,7700,8018,7700,7890,251292
20170916,000000,7990,7990,7721,7899,18750
20170917,000000,7889,7889,7621,7777,27785
20170918,000000,7889,7896,7622,7799,79563
20170919,000000,7860,7864,7631,7780,122678
20170920,000000,7789,7800,7651,7700,48338
20170923,000000,7615,7950,7615,7849,77936
20170924,000000,7924,7997,7670,7670,273053
20170925,000000,7635,7839,7566,7833,227212
20170926,000000,7790,7790,7553,7678,142563
20170927,000000,7554,7677,7550,7580,61526
20171002,000000,7600,7700,7503,7590,111024
20171003,000000,7640,7710,7501,7685,89307
20171004,000000,7482,7980,7482,7900,730740
20171007,000000,7750,7999,7750,7801,650142
20171008,000000,7999,8083,7850,8000,668276
20171009,000000,7951,8185,7920,8185,431783
20171010,000000,8185,8300,8185,8235,392470
20171011,000000,8215,8250,8120,8125,77162
20171014,000000,8140,8150,8050,8117,89557
20171015,000000,8100,8100,7921,8000,94762
20171016,000000,8000,8044,8000,8000,120272
20171017,000000,8042,8149,8000,8041,126217
20171018,000000,7906,8100,7805,8012,240002
20171021,000000,8035,8248,8030,8146,141493
20171022,000000,8380,8380,8200,8200,187180
20171023,000000,8299,8380,8100,8248,439424
20171024,000000,8100,8295,8070,8070,169476
20171025,000000,8100,8200,8100,8200,110412
20171028,000000,8050,8399,8002,8250,226128
20171029,000000,8298,8400,8240,8300,243410
20171030,000000,8350,8499,8325,8325,322014
20171031,000000,8461,8463,8283,8460,122882
20171101,000000,8489,8500,8311,8500,305119
20171104,000000,8468,8600,8468,8600,232675
20171105,000000,8500,8700,8500,8603,96885
20171106,000000,8501,8520,8500,8500,99307
20171107,000000,8500,8650,8500,8500,89967
20171108,000000,8629,8650,8500,8505,77778
20171111,000000,8650,8650,8500,8500,52144
20171112,000000,8500,8749,8500,8716,370421
20171113,000000,8700,8749,8600,8749,344356
20171114,000000,8769,8770,8700,8711,64401
20171115,000000,8701,8703,8650,8650,84563
20171118,000000,8700,8720,8511,8590,122916
20171120,000000,8743,8743,8522,8550,308420
20171121,000000,8501,8700,8500,8550,178050
20171122,000000,8500,8650,8460,8500,193125
20171125,000000,8500,8640,8500,8599,167129
20171126,000000,8500,8560,8474,8501,77915
20171128,000000,8679,8679,8500,8569,116567
20171129,000000,8481,8667,8481,8500,51818
20171202,000000,8590,8590,8500,8520,286969
20171203,000000,8481,8495,8481,8485,2280
20171204,000000,8540,8599,8384,8500,286881
20171205,000000,8550,8590,8550,8550,148070
20171209,000000,8501,8594,8356,8510,362107
20171210,000000,8351,8514,8300,8500,256089
20171211,000000,8400,8401,8300,8301,315584
20171212,000000,8312,8399,8300,8301,28298
20171213,000000,8333,8500,8300,8400,124188
20171216,000000,8401,8402,8300,8303,108646
20171217,000000,8362,8498,8001,8362,224631
20171218,000000,8400,8410,8301,8301,88252
20171219,000000,8300,8405,8300,8301,110197
20171220,000000,8350,8405,8300,8300,219109
20171223,000000,8200,8330,8200,8300,113170
20171224,000000,8190,8201,8101,8121,33141
20171225,000000,8120,8229,8027,8130,106745
20171226,000000,8126,8295,8126,8150,48003
20171227,000000,8280,8280,8190,8258,52741
20171230,000000,8249,8489,8141,8299,335425
20171231,000000,8300,8399,7891,8004,374768
20180101,000000,8248,8299,7995,8299,104129
20180102,000000,8299,8340,8055,8340,128769
20180103,000000,8101,8388,8030,8299,83884
20180106,000000,8334,8334,8100,8115,51793
20180107,000000,8061,8278,8056,8219,92101
20180108,000000,8219,8222,8051,8051,718509
20180109,000000,8011,8101,8011,8100,75582
20180110,000000,8051,8150,8051,8100,51554
20180113,000000,8249,8249,8051,8195,5063
20180114,000000,8071,8125,8050,8052,17665
20180115,000000,8050,8080,8000,8000,81102
20180116,000000,8000,8019,7851,7900,59999
20180117,000000,7963,7990,7777,7781,152443
20180120,000000,7848,7848,7647,7799,68096
20180121,000000,7707,7707,7471,7500,201596
20180122,000000,7421,7700,7411,7700,88450
20180123,000000,7700,7846,7292,7300,200027
20180124,000000,7371,7500,7295,7350,187110
20180127,000000,7565,7565,7270,7291,120700
20180128,000000,7245,7292,7186,7190,137444
20180129,000000,7180,7210,7100,7100,164902
20180130,000000,7280,7292,7150,7292,61719
20180131,000000,7359,7359,7200,7225,14660
20180203,000000,7250,7347,7206,7339,40089
20180204,000000,7191,7332,7180,7183,17569
20180205,000000,7275,7275,7150,7200,70529
20180206,000000,7156,7199,7154,7199,33593
20180207,000000,7298,7298,7161,7165,29114
20180210,000000,7157,7200,7157,7157,6773
20180212,000000,7199,7430,7199,7300,53125
20180213,000000,7527,7757,7465,7577,124169
20180214,000000,7900,7900,7560,7658,114637
20180217,000000,7900,8020,7813,7970,188745
20180218,000000,8157,8200,7931,8199,290350
20180219,000000,8420,8420,8200,8390,304468
20180221,000000,8418,8418,8060,8070,93238
20180224,000000,8001,8001,7808,7808,35735
20180225,000000,7701,8100,7601,7907,66686
20180226,000000,8150,8259,7911,8200,178029
20180227,000000,8470,8470,8200,8297,206882
20180228,000000,8550,8550,8101,8300,245634
20180303,000000,8559,8559,8153,8440,264583
20180304,000000,8522,8548,8150,8420,459349
20180307,000000,8151,8151,7770,8074,213295
20180310,000000,8140,8398,7802,8000,193044
20180311,000000,7803,8100,7802,7988,164804
20180312,000000,8000,8000,7802,7979,216114
20180313,000000,7801,7952,7751,7777,17279
20180314,000000,7958,7958,7651,7751,1023689
20180317,000000,7915,7915,7616,7616,44857
20180318,000000,7900,7900,7320,7700,159825
20180319,000000,7777,7848,7410,7790,70509
20180325,000000,7787,7787,7412,7774,16000
20180326,000000,7739,7745,7460,7729,39405
20180327,000000,7749,7846,7501,7787,17915
20180328,000000,7789,7790,7520,7770,20398
20180403,000000,7541,7786,7540,7688,32080
20180404,000000,7694,7760,7600,7700,21147
20180407,000000,7780,7780,7481,7700,122623
20180408,000000,7699,7780,7511,7676,79550
20180409,000000,7760,7760,7511,7688,65798
20180410,000000,7699,7780,7526,7570,46419
20180411,000000,7600,7800,7480,7480,573883
20180415,000000,7739,7940,7528,7800,188767
20180416,000000,7800,8180,7712,8169,839510
20180417,000000,8269,8269,7902,8139,127785
20180418,000000,8197,8263,7949,8194,94525
20180421,000000,8180,8180,8000,8174,141250
20180422,000000,8199,8199,7922,8180,127170
20180423,000000,8170,8170,7904,8000,30519
20180424,000000,8080,8100,7876,7930,165850
20180425,000000,8080,8100,8000,8080,158150
20180428,000000,8000,8100,7850,8094,343190
20180429,000000,8077,8100,7851,8090,198461
20180430,000000,8095,8099,7950,8090,181150
20180501,000000,8076,8190,7900,8140,351682
20180505,000000,8147,8189,7903,8175,159217
20180506,000000,8139,8297,8031,8149,240444
20180507,000000,8290,8300,8111,8297,128325
20180508,000000,8200,8299,8200,8293,44000
20180509,000000,8297,8297,8000,8271,112266
20180512,000000,8254,8275,7921,8259,119320
20180513,000000,8260,8275,8011,8032,170427
20180514,000000,8260,8350,8100,8289,202283
20180515,000000,8350,8366,8041,8319,216228
20180516,000000,8349,8349,8103,8318,136480
20180519,000000,8325,8330,8160,8330,632929
20180520,000000,8300,8350,8160,8300,534301
20180521,000000,8300,8400,8210,8350,98834
20180522,000000,8350,8448,8170,8390,146400
20180523,000000,8400,8500,8222,8450,76101
20180526,000000,8500,8550,8330,8549,111554
20180527,000000,8549,8600,8456,8540,60776
20180528,000000,8499,8600,8460,8599,59645
20180529,000000,8578,8615,8460,8560,98640
20180530,000000,8560,8640,8462,8590,46311
20180602,000000,8600,8700,8464,8650,81497
20180603,000000,8660,8720,8465,8694,129520
20180609,000000,8698,8770,8501,8666,69198
20180610,000000,8699,8700,8503,8510,147053
20180611,000000,8689,8700,8510,8679,51020
20180612,000000,8505,8700,8400,8688,69594
20180613,000000,8460,8800,8460,8799,189117
20180617,000000,8790,9130,8790,9130,246495
20180618,000000,9490,9490,9131,9400,125963
20180619,000000,9480,9648,9465,9594,127928
20180620,000000,9600,9834,9550,9799,105269
20180623,000000,9930,10188,9800,10019,250400
20180624,000000,10090,10189,9900,9989,190297
20180625,000000,9559,10190,9558,9998,223680
20180626,000000,10186,10186,9509,9990,191685
20180627,000000,10000,10000,9502,9939,171606
20180630,000000,9949,10076,9524,9999,43360
20180701,000000,10000,10099,9570,9799,127241
20180702,000000,9800,10000,9565,9592,103674
20180703,000000,9900,9992,9543,9990,621396
20180710,000000,8550,8800,8548,8800,37800
20180711,000000,8935,8935,8124,8125,69930
20180714,000000,8000,8490,7906,8001,70181
20180716,000000,8020,8400,7961,8390,55768
20180717,000000,8415,8420,7963,8310,183587
20180718,000000,8300,8418,7939,8190,48274
20180721,000000,8100,8337,8053,8299,67960
20180722,000000,8299,8299,8000,8259,163628
20180723,000000,8259,8400,7991,8400,325854
20180724,000000,8404,8404,7970,7970,187878
20180725,000000,7970,8198,7900,8169,28464
20180728,000000,8101,8168,7951,8000,14195
20180729,000000,8167,8167,7700,7700,105488
20180730,000000,7612,8000,7612,7929,623584
20180731,000000,7936,8100,7801,8070,77060
20180801,000000,8138,8249,7763,8100,95408
20180804,000000,8150,8250,8000,8100,294530
20180805,000000,8600,8641,8301,8600,451313
20180806,000000,9000,9028,8900,9028,150119
20180807,000000,9200,9200,8690,8690,18358
20180808,000000,8602,8602,8439,8439,25781
20180811,000000,8452,8700,8150,8162,23400
20180812,000000,8650,8699,8158,8250,8180
20180813,000000,8100,8240,7834,8050,189031
20180814,000000,8139,8139,7852,7863,61740
20180815,000000,8129,8149,7851,8020,21612
20180818,000000,8188,8188,7905,8140,29725
20180819,000000,8100,8380,8017,8020,62096
20180820,000000,8020,8146,7912,8035,78110
20180821,000000,8179,8200,8000,8099,28295
20180825,000000,8099,8150,7951,8100,17675
20180826,000000,8180,8180,8000,8097,126136
20180827,000000,8183,8299,8000,8100,99912
20180828,000000,8006,8100,7970,8000,40071
20180829,000000,8234,8234,7999,8020,180152
20180901,000000,8147,8147,8000,8010,83427
20180902,000000,8142,8142,7961,8049,202581
20180903,000000,8078,8078,7981,8050,105105
20180904,000000,8078,8078,7980,8023,83563
20180905,000000,8100,8410,8000,8410,250350
20180908,000000,8469,8600,8469,8570,111771
20180909,000000,8650,8765,8400,8426,76549
20180910,000000,8409,8620,8400,8620,179572
20180911,000000,8475,8765,8382,8491,94470
20180912,000000,8709,8709,8445,8700,443060
20180915,000000,8719,8944,8600,8944,465086
20180916,000000,9348,9348,9014,9340,349598
20180917,000000,9476,9727,9476,9727,226678
20180918,000000,10000,10186,9650,10186,645745
20180922,000000,10528,10528,10528,10528,20483
20180924,000000,11054,11606,10800,11050,204608
20180925,000000,11398,11499,10904,11000,651020
20180926,000000,11381,11381,10801,11002,668368
20180929,000000,11521,11553,11499,11553,237522
20180930,000000,12114,12114,11900,12114,1857465
20181001,000000,12719,12719,11910,12719,1860546
20181002,000000,13000,13000,13000,13000,29225
20181006,000000,12350,12350,11733,11733,178899
20181007,000000,11311,11311,11311,11311,14153
20181008,000000,10746,10746,10746,10746,15591
20181009,000000,10209,10745,10209,10209,880203
20181010,000000,10597,10597,9816,9816,196648
20181013,000000,9379,9379,9379,9379,13261
20181014,000000,9847,9847,9355,9355,388527
20181015,000000,9362,9815,9200,9748,903696
20181016,000000,10136,10136,9320,9990,189341
20181017,000000,10370,10378,10100,10378,592308
20181020,000000,10883,10885,10883,10885,82467
20181021,000000,11420,11420,11400,11400,73153
20181022,000000,11839,11839,10836,10836,99723
20181023,000000,10317,10961,10317,10317,63149
20181024,000000,9803,9803,9803,9803,16347
20181027,000000,9313,10000,9313,9313,305857
20181028,000000,9770,9780,9550,9650,140392
20181029,000000,9700,9998,9200,9200,131238
20181031,000000,10110,10110,9600,9980,144716
20181103,000000,10100,10300,9600,10140,115920
20181104,000000,10190,10190,9591,9600,548978
20181105,000000,9888,10068,9595,10068,308450
20181106,000000,10189,10297,9711,10264,189279
20181110,000000,10299,10299,9639,9639,186612
20181111,000000,9900,9900,9300,9300,10937
20181112,000000,9748,9850,9471,9512,161103
20181113,000000,9899,9899,9189,9600,219328
20181114,000000,9600,9788,9252,9262,28171
20181117,000000,9400,9449,8828,9270,326351
20181118,000000,9379,9379,8950,9050,206666
20181119,000000,9296,9495,9102,9448,133597
20181120,000000,9650,9750,9238,9650,164103
20181121,000000,9786,9786,9301,9690,217811
20181124,000000,9500,9860,9304,9549,130854
20181126,000000,9600,9799,8894,9480,238059
20181127,000000,9450,9570,9000,9527,150268
20181128,000000,9749,9799,9400,9600,216049
20181201,000000,9700,9800,9211,9589,154139
20181202,000000,9500,9999,9450,9880,1194378
20181203,000000,9898,10100,9730,10048,339296
20181204,000000,10113,10358,9921,10222,371627
20181205,000000,10299,10649,10299,10649,478684
20181208,000000,10653,10999,10452,10900,205608
20181209,000000,10900,11300,10500,11100,297665
20181210,000000,11126,11499,11050,11120,297502
20181211,000000,11216,11500,11216,11220,84881
20181212,000000,11200,11774,10701,11753,633211
20181215,000000,11776,12099,11776,12051,355184
20181216,000000,12260,12398,12260,12380,83656
20181217,000000,12529,12529,12000,12507,471146
20181218,000000,12150,12599,12150,12500,1300587
20181219,000000,12500,12919,12332,12918,1427509
20181222,000000,12927,13391,12927,13391,1481865
20181223,000000,13870,13875,13760,13875,323470
20181224,000000,14562,14562,14350,14562,1492785
20181225,000000,15219,15219,14800,14916,1648083
20181226,000000,14999,14999,14413,14625,1373114
20181229,000000,14701,15176,14413,15090,738017
20181230,000000,15000,15200,14272,14670,253673
20181231,000000,14900,14900,14310,14629,248195
20190101,000000,14820,15096,14802,15000,851195
20190102,000000,15027,15757,15027,15757,2218333
20190105,000000,15757,16354,15757,16354,1681261
20190106,000000,17030,17159,16502,17159,2396064
20190107,000000,18010,18010,17500,18010,2508186
20190108,000000,18498,18876,17670,18190,2382579
20190109,000000,18300,19095,18300,19095,1990661
20190112,000000,19700,19850,19035,19598,1035487
20190113,000000,19600,19891,19000,19700,2580770
20190114,000000,20020,20494,20000,20269,1114385
20190115,000000,20310,21050,20299,21009,2434864
20190116,000000,21200,21681,21200,21681,1991468
20190119,000000,22645,22645,22645,22645,24274
20190122,000000,22803,23770,21663,21990,1487496
20190123,000000,22299,22299,20848,20848,1023589
20190126,000000,20360,20575,20282,20282,2128175
20190127,000000,19700,21297,19700,20600,967534
20190128,000000,19999,21979,19999,20665,273221
20190129,000000,21000,21000,20000,20499,1209786
20190130,000000,20686,21195,20686,20800,325585
20190202,000000,21399,21789,20930,21000,1271367
20190203,000000,21001,22099,21000,22099,861183
20190204,000000,22199,22615,22000,22499,1069695
20190205,000000,22599,22599,21700,22458,463575
20190206,000000,22897,22897,21920,22000,660546
20190210,000000,21806,22150,21171,21350,155949
20190212,000000,21320,22000,20751,21500,445446
20190213,000000,21790,21900,20322,20540,582389
20190216,000000,21279,21761,20800,21553,1010135
20190217,000000,21452,22198,21452,22114,458820
20190218,000000,22300,22500,22000,22415,469172
20190219,000000,22429,22777,21620,22188,693607
20190220,000000,22500,22720,21400,22000,637161
20190223,000000,22221,22500,21500,21880,611809
20190224,000000,22250,22390,21800,22390,554924
20190225,000000,22000,22839,22000,22550,387627
20190226,000000,22839,23180,22223,22980,427971
20190227,000000,23000,24147,23000,24147,594186
20190302,000000,24770,24805,24700,24805,462261
20190303,000000,26035,26037,25600,26037,899990
20190304,000000,26900,26900,24728,26400,281608
20190305,000000,26200,26800,26090,26400,289247
20190306,000000,26549,26799,26549,26696,200427
20190309,000000,26699,27917,26699,27917,443622
20190310,000000,28998,29000,28860,28950,455478
20190311,000000,29800,30000,29001,29840,619673
20190312,000000,29859,30988,29859,30572,752296
20190313,000000,30997,31000,29049,29885,26701538
20190316,000000,30000,30115,29232,30000,1337286
20190317,000000,30150,30150,28501,30000,785594
20190318,000000,30500,30700,30000,30000,160752
20190319,000000,30000,30680,29000,29700,25129876
20190325,000000,30172,30172,29211,29998,351573
20190326,000000,30040,30050,29500,29993,271469
20190327,000000,30150,30150,29590,29993,339475
20190330,000000,30100,30100,29450,29987,208322
20190331,000000,29522,29990,29522,29976,295460
20190406,000000,30160,30160,29560,29950,181661
20190407,000000,29987,30399,29600,30100,340377
20190408,000000,30000,30200,29400,30070,357658
20190409,000000,29967,30000,29450,29967,189136
20190410,000000,29999,29999,29400,29440,305154
20190413,000000,29899,30000,28800,28802,278454
20190414,000000,29600,29600,27923,27923,68774
20190415,000000,26598,27379,26598,26598,550264
20190416,000000,26465,27100,25375,25375,389151
20190417,000000,26200,26279,24162,24162,778707
20190420,000000,25500,25500,24200,24302,616497
20190422,000000,25000,25399,24606,25000,527661
20190423,000000,25400,25800,24981,25560,1194613
20190424,000000,25800,26398,25800,26398,148871
20190427,000000,27431,27431,27431,27431,120260
20190428,000000,28802,28802,27431,28802,2819574
20190429,000000,27500,30191,27500,30191,756395
20190430,000000,30390,30400,29000,30179,378870
20190501,000000,31000,31000,29981,30000,204492
20190504,000000,30105,31299,28605,30250,227042
20190505,000000,30000,30000,29001,29002,178288
20190506,000000,29536,30200,29002,30000,250684
20190507,000000,29910,30300,28415,29500,224280
20190508,000000,30150,30150,29000,30010,109538
20190511,000000,30050,30050,29700,30000,75908
20190512,000000,30000,30000,29005,29977,179293
20190513,000000,30598,30598,29950,30049,81687
20190514,000000,30590,30590,29051,30325,64604
20190515,000000,30500,30500,29700,30150,195254
20190518,000000,30490,30610,29895,30489,162443
20190519,000000,30197,31800,30000,31800,137381
20190520,000000,32603,32603,32603,32603,34758
20190521,000000,34233,34233,34223,34233,434168
20190522,000000,35944,35944,35000,35944,705454
20190525,000000,35115,36899,34127,34127,361876
20190526,000000,35588,35588,33005,34810,186774
20190528,000000,33600,35800,33582,33614,135589
20190529,000000,34000,35819,34000,35819,1318731
20190601,000000,37393,37393,37393,37393,436748
20190602,000000,39262,39262,39262,39262,31375
20190603,000000,41225,41225,41225,41225,331369
20190608,000000,43286,43286,43286,43286,290208
20190609,000000,45450,45450,45450,45450,410731
20190611,000000,46339,47999,44023,47150,1318383
20190612,000000,48289,48289,43696,43696,1177159
20190615,000000,43448,44000,43448,43448,94697
20190616,000000,42000,44330,41276,41276,586421
20190617,000000,40050,43000,40050,41000,238095
20190618,000000,41010,43980,40197,41201,138177
20190619,000000,41600,42500,39100,40001,510027
20190622,000000,40010,42000,39501,41883,254038
20190623,000000,41600,42000,40505,40650,171953
20190624,000000,40002,41995,39503,40298,132596
20190625,000000,40799,40799,39001,40550,391686
20190626,000000,41002,42028,40500,42028,332304
20190630,000000,43857,43857,39681,40998,208983
20190701,000000,41500,41998,39899,40000,344518
20190702,000000,40000,42148,40000,42148,623933
20190708,000000,43473,43473,41000,41000,226598
20190709,000000,42800,43972,41000,43300,4560165
20190710,000000,44344,44344,44344,44344,1148467
20190713,000000,46199,46561,45561,46561,891968
20190714,000000,48500,48500,45001,46808,772282
20190715,000000,47500,47648,44968,44968,823154
20190716,000000,46400,46400,42794,44990,1117588
20190727,000000,45620,45621,41301,44997,103586
20190728,000000,44900,44900,42002,44380,166662
20190729,000000,44979,45528,44000,44948,320517
20190730,000000,46160,47467,44600,47467,377318
20190731,000000,49434,49434,48100,49434,359664
20190803,000000,49999,51835,49999,51835,565628
20190804,000000,53298,53298,50500,52100,243585
20190805,000000,52100,52100,49686,49686,462993
20190806,000000,50000,51891,48000,50250,317843
20190807,000000,51300,51490,49730,50255,120168
20190810,000000,51498,51498,50098,50749,108946
20190811,000000,52200,52280,50800,51300,273839
20190813,000000,51750,53299,50000,51807,253302
20190814,000000,52000,53100,50451,53000,535554
20190817,000000,53499,53499,51111,51111,247369
20190821,000000,53000,55649,53000,54900,13022
20190824,000000,55998,55998,51995,52050,349920
20190825,000000,52585,52585,49958,49980,191869
20190826,000000,51000,52490,50000,51800,223730
20190827,000000,52199,52799,48776,48776,315732
20190828,000000,50500,52238,50000,51890,357912
20190831,000000,52980,52980,50000,51354,294109
20190901,000000,51900,51900,49023,49023,142631
20190902,000000,49899,49899,47269,49502,595032
20190903,000000,48600,50720,48600,49160,211612
20190904,000000,50300,50300,49800,50188,157779
20190907,000000,51121,51121,48901,49680,87018
20190908,000000,49998,49998,47203,48713,83842
20190911,000000,49998,49998,48200,49389,240136
20190914,000000,50000,50418,49380,49802,335893
20190915,000000,50489,50489,49000,49800,188147
20190916,000000,49997,52445,48001,52047,829296
20190917,000000,52669,52670,48985,49960,292280
20190918,000000,51799,51799,49300,50005,187480
20190921,000000,51997,52000,49422,51500,131854
20190922,000000,51994,51994,49500,50300,198359
20190923,000000,51399,51399,49999,50279,255216
20190924,000000,50062,51449,50062,50500,243281
20190925,000000,51036,51449,50100,51000,308430
20190928,000000,51800,52700,50550,51998,268758
20190929,000000,52307,52650,50510,51490,99345
20190930,000000,52299,52299,50500,50998,170222
20191001,000000,51340,51340,48811,49450,202506
20191002,000000,51160,51160,49501,49502,92592
20191005,000000,50998,50998,48001,49703,100302
20191006,000000,50050,52181,49909,50889,264863
20191007,000000,51240,51990,49020,51599,166924
20191008,000000,51601,51601,48234,48234,194074
20191009,000000,49400,49987,48200,48650,74749
20191012,000000,49988,49988,48000,48239,80018
20191013,000000,49500,49500,46028,46710,118752
20191014,000000,46998,47000,46001,46989,70450
20191015,000000,47754,47754,44448,44448,99873
20191016,000000,43100,47000,43100,46114,137748
20191020,000000,46000,46000,43138,45200,189491
20191021,000000,42511,46200,42511,45991,168224
20191022,000000,47357,47357,46116,46900,119473
20191023,000000,48172,49123,47053,47990,70808
20191026,000000,49498,49498,47000,47998,104199
20191028,000000,48693,49114,47022,47061,137994
20191030,000000,48240,49892,47501,49885,268789
20191102,000000,49892,50055,48000,49000,52761
20191103,000000,49999,50000,47505,48503,214608
20191104,000000,49000,49998,48050,49297,114911
20191105,000000,49499,49890,46774,46774,464836
20191109,000000,48000,48414,45503,46999,140025
20191110,000000,47749,47900,45712,45990,91953
20191111,000000,47500,47500,45506,46800,57905
20191112,000000,48000,48000,46001,46105,105335
20191113,000000,46980,46980,44520,46500,177272
20191116,000000,47997,47997,45026,46725,52372
20191117,000000,46880,46900,45037,46800,72440
20191118,000000,47200,47600,46010,47200,124463
20191119,000000,47999,47999,45000,47989,109304
20191120,000000,48500,48698,46603,48620,93569
20191123,000000,49590,49890,47533,48001,148442
20191124,000000,49700,49700,48151,48600,55933
20191125,000000,49779,49800,47062,49677,201936
20191126,000000,49845,50700,48200,50300,169918
20191127,000000,50000,50998,49560,50290,135801
20191208,000000,50998,53547,49101,50457,166305
20191209,000000,51900,51900,49500,50390,130094
20191210,000000,51400,51400,48000,49100,105496
20191211,000000,50500,50500,48161,49489,68385
20191214,000000,50199,50300,48500,49250,113508
20191215,000000,50500,50550,48222,48840,129792
20191216,000000,49159,50000,47355,48596,336539
20191217,000000,49993,49993,48003,49500,106037
20191218,000000,49700,50000,48523,48999,96559
20191221,000000,51495,51495,49001,49439,134611
20191222,000000,51400,51400,49003,49599,92688
20191223,000000,50500,50700,47504,48500,123843
20191224,000000,50500,50500,47400,49500,178310
20191225,000000,50139,50139,49000,49265,99736
20191228,000000,50299,50300,49900,50299,235065
20191229,000000,50999,51180,50302,50775,140603
20191230,000000,51199,53272,50738,53272,703145
20191231,000000,55567,55567,51900,55500,363995
20200101,000000,55532,55535,52000,52000,245364
20200104,000000,50863,51000,50863,50863,390634
20200105,000000,52000,52000,50000,50100,157459
20200107,000000,50001,50500,48604,48604,69828
20200108,000000,48116,48116,48116,48116,12428
20200111,000000,49078,49078,48201,49078,622235
20200112,000000,51498,51498,50000,50200,228216
20200113,000000,50500,52989,49000,49908,253723
20200114,000000,51698,51698,48750,49300,185730
20200115,000000,51000,51000,48001,49419,213249
20200118,000000,51999,51999,49900,50400,306069
20200119,000000,50900,50900,49000,49900,250029
20200120,000000,50948,50948,48800,49100,230579
20200121,000000,50000,50000,46984,48800,231712
20200122,000000,49799,49799,47706,49480,161917
20200125,000000,49499,49499,48019,48690,216049
20200126,000000,48998,48998,47900,48000,279030
20200127,000000,49500,49500,48500,48790,243356
20200128,000000,49500,49500,48152,48990,116069
20200201,000000,49799,49799,48758,48811,241631
20200202,000000,49800,49800,48251,49190,226906
20200203,000000,50400,50600,49200,50200,412494
20200204,000000,52537,52537,50000,50981,294315
20200205,000000,53750,53920,52000,53920,1132365
20200208,000000,56461,56461,54986,55852,618358
20200209,000000,57000,57000,53136,53200,254575
20200210,000000,55700,55700,51587,52728,163815
20200212,000000,51704,53399,50000,52000,199379
20200215,000000,50009,52000,50009,51745,190641
20200216,000000,52414,53938,51051,53938,1164106
20200217,000000,55301,55301,51851,52600,317355
20200218,000000,51112,53899,51112,51750,193233
20200219,000000,52500,53893,51751,52000,282921
20200222,000000,50146,53400,50137,52638,304294
20200223,000000,52575,53500,51370,52958,245278
20200224,000000,54250,54250,50347,51597,456060
20200225,000000,51856,53295,51003,52500,346273
20200226,000000,53333,53333,51565,52235,249176
20200229,000000,49753,52740,49753,51902,189423
20200301,000000,52799,54499,51937,53000,530321
20200302,000000,53000,53500,50648,51404,1189626
20200303,000000,51999,52125,50813,51000,1052542
20200304,000000,52500,52500,50000,51780,3762061
20200307,000000,52970,53202,50750,53202,5470327
20200309,000000,55600,55763,54100,55763,10978863
20200310,000000,56485,56485,52905,52905,4065770
20200311,000000,54000,54000,52253,52253,2176440
20200314,000000,50567,53439,50267,50267,686290
20200315,000000,49069,49069,49069,49069,258394
20200316,000000,51400,51400,48495,49100,2281926
20200317,000000,49193,51844,48907,51844,1168454
20200318,000000,52800,53150,51500,51630,660581
20200324,000000,52000,52745,49937,51150,799026
20200325,000000,50034,52499,50034,51688,1428215
20200328,000000,51688,53989,51383,53500,3410783
20200329,000000,54300,55855,52124,52990,10296210
20200330,000000,53400,56121,52991,56121,35885495
20200404,000000,56442,56442,56442,56442,11117912
20200405,000000,59264,59264,59264,59264,54202196
20200406,000000,62227,62227,60415,62227,68550673
20200407,000000,62774,65321,63500,65320,33576041
20200408,000000,65320,66950,62200,63750,23822473
20200411,000000,63998,63999,60841,60841,14592799
20200412,000000,62888,65536,62800,62899,23370605
20200413,000000,63900,63900,61483,61483,10932528
20200414,000000,59002,64599,59002,62499,11572823
20200415,000000,64000,65400,62393,62497,13213124
20200418,000000,64500,66600,63400,64900,22748410
20200419,000000,66000,67823,62713,67823,37268973
20200420,000000,69973,69973,69972,69973,13446081
20200421,000000,71000,73471,69973,70986,20616811
20200422,000000,70201,73334,68401,71350,17392753
20200425,000000,73009,73009,71300,72200,20589763
20200426,000000,73380,73380,68870,68907,22987618
20200427,000000,69500,70980,67001,67510,15359420
20200428,000000,68490,71623,68146,71623,32296484
20200429,000000,74810,74818,72500,74818,32487099
20200502,000000,78495,78495,78495,78495,28460896
20200503,000000,82419,82419,79998,80231,41663611
20200504,000000,78206,80900,78206,78206,19332426
20200505,000000,78500,79490,74861,74861,9941823
20200506,000000,72242,74861,72242,72242,16771071
20200509,000000,75000,76309,75000,75750,17618952
20200510,000000,78500,78500,72164,73540,44463602
20200511,000000,73701,75586,69121,69139,17653868
20200512,000000,69400,71241,67679,67679,5133797
20200513,000000,71707,71707,68293,71707,16790732
20200516,000000,68412,71800,65002,66410,8698416
20200517,000000,65071,70272,65071,70200,20897576
20200518,000000,73332,73332,70500,72000,13451571
20200519,000000,73427,73427,69066,69111,12573105
20200520,000000,67900,71580,66301,66380,10414139
20200523,000000,66200,69000,64656,65720,7892028
20200526,000000,65000,66580,63205,63205,5682497
20200527,000000,60950,67020,60950,66809,5809231
20200530,000000,68656,68657,67246,68657,2819792
20200531,000000,71900,71900,65169,66600,6883326
20200601,000000,66665,68596,64883,66700,6330146
20200602,000000,67997,70100,67112,68900,6290407
20200606,000000,72500,72729,70450,72729,29016201
20200607,000000,74900,75890,71120,71999,17512884
20200608,000000,71900,71999,70159,70159,9578972
20200609,000000,69000,71905,67145,67160,10408925
20200610,000000,69800,71328,68068,71328,36319961
20200613,000000,73990,73990,71112,71499,19918099
20200614,000000,72201,72201,68591,69270,12426404
20200615,000000,69270,71750,67120,68045,10501277
20200616,000000,69700,70670,68000,70275,11813806
20200620,000000,73321,73321,72010,73321,40895269
20200621,000000,76900,76950,74100,75999,47287112
20200622,000000,76800,78450,73322,75074,15655243
20200623,000000,75253,76800,72477,72483,25376062
20200624,000000,71200,74550,70845,72996,13135152
20200627,000000,74440,75791,72999,75791,10477999
20200628,000000,78300,78300,71584,72580,14659446
20200629,000000,72950,73570,70801,72450,14434507
20200630,000000,72655,75060,72655,75060,5910850
